-- phpMyAdmin SQL Dump
-- version 5.1.1deb5ubuntu1
-- https://www.phpmyadmin.net/
--
-- Host: localhost:3306
-- Generation Time: Nov 16, 2022 at 10:45 AM
-- Server version: 8.0.31-0ubuntu0.22.04.1
-- PHP Version: 8.1.2-1ubuntu2.8

SET SQL_MODE = "NO_AUTO_VALUE_ON_ZERO";
START TRANSACTION;
SET time_zone = "+00:00";


/*!40101 SET @OLD_CHARACTER_SET_CLIENT=@@CHARACTER_SET_CLIENT */;
/*!40101 SET @OLD_CHARACTER_SET_RESULTS=@@CHARACTER_SET_RESULTS */;
/*!40101 SET @OLD_COLLATION_CONNECTION=@@COLLATION_CONNECTION */;
/*!40101 SET NAMES utf8mb4 */;

--
-- Database: `hultia_core`
--

-- --------------------------------------------------------

--
-- Table structure for table `areas`
--

CREATE TABLE `areas` (
  `id` bigint UNSIGNED NOT NULL,
  `city_id` bigint UNSIGNED NOT NULL,
  `name` varchar(255) COLLATE utf8mb4_unicode_ci NOT NULL,
  `created_at` timestamp NULL DEFAULT NULL,
  `updated_at` timestamp NULL DEFAULT NULL
) ENGINE=InnoDB DEFAULT CHARSET=utf8mb4 COLLATE=utf8mb4_unicode_ci;

--
-- Dumping data for table `areas`
--

INSERT INTO `areas` (`id`, `city_id`, `name`, `created_at`, `updated_at`) VALUES
(1, 1, 'Dhaka', '2022-09-03 05:37:11', '2022-09-03 05:37:11'),
(2, 1, 'Jashore', '2022-09-03 05:37:11', '2022-09-03 05:37:11'),
(3, 1, 'Rajshahi', '2022-09-03 05:37:12', '2022-09-03 05:37:12'),
(4, 1, 'Dinajpur', '2022-09-03 05:37:12', '2022-09-03 05:37:12'),
(5, 1, 'Mymensingh', '2022-09-03 05:37:12', '2022-09-03 05:37:12'),
(6, 1, 'Comilla', '2022-09-03 05:37:12', '2022-09-03 05:37:12'),
(7, 1, 'Barisal', '2022-09-03 05:37:12', '2022-09-03 05:37:12'),
(8, 1, 'Khulna', '2022-09-03 05:37:12', '2022-09-03 05:37:12'),
(9, 1, 'Tangail', '2022-09-03 05:37:12', '2022-09-03 05:37:12'),
(10, 1, 'Sirajganj', '2022-09-03 05:37:12', '2022-09-03 05:37:12'),
(11, 1, 'Noakhali', '2022-09-03 05:37:12', '2022-09-03 05:37:12'),
(12, 2, 'Dhaka', '2022-09-03 05:37:12', '2022-09-03 05:37:12'),
(13, 2, 'Jashore', '2022-09-03 05:37:12', '2022-09-03 05:37:12'),
(14, 2, 'Rajshahi', '2022-09-03 05:37:12', '2022-09-03 05:37:12'),
(15, 2, 'Dinajpur', '2022-09-03 05:37:12', '2022-09-03 05:37:12'),
(16, 2, 'Mymensingh', '2022-09-03 05:37:12', '2022-09-03 05:37:12'),
(17, 2, 'Comilla', '2022-09-03 05:37:12', '2022-09-03 05:37:12'),
(18, 2, 'Barisal', '2022-09-03 05:37:12', '2022-09-03 05:37:12'),
(19, 2, 'Khulna', '2022-09-03 05:37:12', '2022-09-03 05:37:12'),
(20, 2, 'Tangail', '2022-09-03 05:37:12', '2022-09-03 05:37:12'),
(21, 2, 'Sirajganj', '2022-09-03 05:37:12', '2022-09-03 05:37:12'),
(22, 2, 'Noakhali', '2022-09-03 05:37:12', '2022-09-03 05:37:12'),
(23, 3, 'Dhaka', '2022-09-03 05:37:12', '2022-09-03 05:37:12'),
(24, 3, 'Jashore', '2022-09-03 05:37:12', '2022-09-03 05:37:12'),
(25, 3, 'Rajshahi', '2022-09-03 05:37:12', '2022-09-03 05:37:12'),
(26, 3, 'Dinajpur', '2022-09-03 05:37:12', '2022-09-03 05:37:12'),
(27, 3, 'Mymensingh', '2022-09-03 05:37:12', '2022-09-03 05:37:12'),
(28, 3, 'Comilla', '2022-09-03 05:37:12', '2022-09-03 05:37:12'),
(29, 3, 'Barisal', '2022-09-03 05:37:12', '2022-09-03 05:37:12'),
(30, 3, 'Khulna', '2022-09-03 05:37:12', '2022-09-03 05:37:12'),
(31, 3, 'Tangail', '2022-09-03 05:37:12', '2022-09-03 05:37:12'),
(32, 3, 'Sirajganj', '2022-09-03 05:37:12', '2022-09-03 05:37:12'),
(33, 3, 'Noakhali', '2022-09-03 05:37:12', '2022-09-03 05:37:12'),
(34, 4, 'Dhaka', '2022-09-03 05:37:12', '2022-09-03 05:37:12'),
(35, 4, 'Jashore', '2022-09-03 05:37:12', '2022-09-03 05:37:12'),
(36, 4, 'Rajshahi', '2022-09-03 05:37:12', '2022-09-03 05:37:12'),
(37, 4, 'Dinajpur', '2022-09-03 05:37:12', '2022-09-03 05:37:12'),
(38, 4, 'Mymensingh', '2022-09-03 05:37:12', '2022-09-03 05:37:12'),
(39, 4, 'Comilla', '2022-09-03 05:37:12', '2022-09-03 05:37:12'),
(40, 4, 'Barisal', '2022-09-03 05:37:12', '2022-09-03 05:37:12'),
(41, 4, 'Khulna', '2022-09-03 05:37:12', '2022-09-03 05:37:12'),
(42, 4, 'Tangail', '2022-09-03 05:37:12', '2022-09-03 05:37:12'),
(43, 4, 'Sirajganj', '2022-09-03 05:37:12', '2022-09-03 05:37:12'),
(44, 4, 'Noakhali', '2022-09-03 05:37:12', '2022-09-03 05:37:12'),
(45, 5, 'Dhaka', '2022-09-03 05:37:12', '2022-09-03 05:37:12'),
(46, 5, 'Jashore', '2022-09-03 05:37:12', '2022-09-03 05:37:12'),
(47, 5, 'Rajshahi', '2022-09-03 05:37:12', '2022-09-03 05:37:12'),
(48, 5, 'Dinajpur', '2022-09-03 05:37:12', '2022-09-03 05:37:12'),
(49, 5, 'Mymensingh', '2022-09-03 05:37:12', '2022-09-03 05:37:12'),
(50, 5, 'Comilla', '2022-09-03 05:37:12', '2022-09-03 05:37:12'),
(51, 5, 'Barisal', '2022-09-03 05:37:12', '2022-09-03 05:37:12'),
(52, 5, 'Khulna', '2022-09-03 05:37:12', '2022-09-03 05:37:12'),
(53, 5, 'Tangail', '2022-09-03 05:37:12', '2022-09-03 05:37:12'),
(54, 5, 'Sirajganj', '2022-09-03 05:37:12', '2022-09-03 05:37:12'),
(55, 5, 'Noakhali', '2022-09-03 05:37:12', '2022-09-03 05:37:12'),
(56, 6, 'Dhaka', '2022-09-03 05:37:12', '2022-09-03 05:37:12'),
(57, 6, 'Jashore', '2022-09-03 05:37:12', '2022-09-03 05:37:12'),
(58, 6, 'Rajshahi', '2022-09-03 05:37:12', '2022-09-03 05:37:12'),
(59, 6, 'Dinajpur', '2022-09-03 05:37:12', '2022-09-03 05:37:12'),
(60, 6, 'Mymensingh', '2022-09-03 05:37:12', '2022-09-03 05:37:12'),
(61, 6, 'Comilla', '2022-09-03 05:37:12', '2022-09-03 05:37:12'),
(62, 6, 'Barisal', '2022-09-03 05:37:12', '2022-09-03 05:37:12'),
(63, 6, 'Khulna', '2022-09-03 05:37:12', '2022-09-03 05:37:12'),
(64, 6, 'Tangail', '2022-09-03 05:37:12', '2022-09-03 05:37:12'),
(65, 6, 'Sirajganj', '2022-09-03 05:37:12', '2022-09-03 05:37:12'),
(66, 6, 'Noakhali', '2022-09-03 05:37:12', '2022-09-03 05:37:12'),
(67, 7, 'Dhaka', '2022-09-03 05:37:12', '2022-09-03 05:37:12'),
(68, 7, 'Jashore', '2022-09-03 05:37:12', '2022-09-03 05:37:12'),
(69, 7, 'Rajshahi', '2022-09-03 05:37:12', '2022-09-03 05:37:12'),
(70, 7, 'Dinajpur', '2022-09-03 05:37:12', '2022-09-03 05:37:12'),
(71, 7, 'Mymensingh', '2022-09-03 05:37:12', '2022-09-03 05:37:12'),
(72, 7, 'Comilla', '2022-09-03 05:37:12', '2022-09-03 05:37:12'),
(73, 7, 'Barisal', '2022-09-03 05:37:12', '2022-09-03 05:37:12'),
(74, 7, 'Khulna', '2022-09-03 05:37:12', '2022-09-03 05:37:12'),
(75, 7, 'Tangail', '2022-09-03 05:37:12', '2022-09-03 05:37:12'),
(76, 7, 'Sirajganj', '2022-09-03 05:37:12', '2022-09-03 05:37:12'),
(77, 7, 'Noakhali', '2022-09-03 05:37:12', '2022-09-03 05:37:12'),
(78, 8, 'Dhaka', '2022-09-03 05:37:12', '2022-09-03 05:37:12'),
(79, 8, 'Jashore', '2022-09-03 05:37:12', '2022-09-03 05:37:12'),
(80, 8, 'Rajshahi', '2022-09-03 05:37:12', '2022-09-03 05:37:12'),
(81, 8, 'Dinajpur', '2022-09-03 05:37:12', '2022-09-03 05:37:12'),
(82, 8, 'Mymensingh', '2022-09-03 05:37:12', '2022-09-03 05:37:12'),
(83, 8, 'Comilla', '2022-09-03 05:37:12', '2022-09-03 05:37:12'),
(84, 8, 'Barisal', '2022-09-03 05:37:12', '2022-09-03 05:37:12'),
(85, 8, 'Khulna', '2022-09-03 05:37:12', '2022-09-03 05:37:12'),
(86, 8, 'Tangail', '2022-09-03 05:37:12', '2022-09-03 05:37:12'),
(87, 8, 'Sirajganj', '2022-09-03 05:37:12', '2022-09-03 05:37:12'),
(88, 8, 'Noakhali', '2022-09-03 05:37:12', '2022-09-03 05:37:12'),
(89, 9, 'Dhaka', '2022-09-03 05:37:12', '2022-09-03 05:37:12'),
(90, 9, 'Jashore', '2022-09-03 05:37:12', '2022-09-03 05:37:12'),
(91, 9, 'Rajshahi', '2022-09-03 05:37:12', '2022-09-03 05:37:12'),
(92, 9, 'Dinajpur', '2022-09-03 05:37:12', '2022-09-03 05:37:12'),
(93, 9, 'Mymensingh', '2022-09-03 05:37:12', '2022-09-03 05:37:12'),
(94, 9, 'Comilla', '2022-09-03 05:37:12', '2022-09-03 05:37:12'),
(95, 9, 'Barisal', '2022-09-03 05:37:12', '2022-09-03 05:37:12'),
(96, 9, 'Khulna', '2022-09-03 05:37:12', '2022-09-03 05:37:12'),
(97, 9, 'Tangail', '2022-09-03 05:37:12', '2022-09-03 05:37:12'),
(98, 9, 'Sirajganj', '2022-09-03 05:37:12', '2022-09-03 05:37:12'),
(99, 9, 'Noakhali', '2022-09-03 05:37:12', '2022-09-03 05:37:12'),
(100, 10, 'Dhaka', '2022-09-03 05:37:12', '2022-09-03 05:37:12'),
(101, 10, 'Jashore', '2022-09-03 05:37:12', '2022-09-03 05:37:12'),
(102, 10, 'Rajshahi', '2022-09-03 05:37:12', '2022-09-03 05:37:12'),
(103, 10, 'Dinajpur', '2022-09-03 05:37:12', '2022-09-03 05:37:12'),
(104, 10, 'Mymensingh', '2022-09-03 05:37:12', '2022-09-03 05:37:12'),
(105, 10, 'Comilla', '2022-09-03 05:37:12', '2022-09-03 05:37:12'),
(106, 10, 'Barisal', '2022-09-03 05:37:12', '2022-09-03 05:37:12'),
(107, 10, 'Khulna', '2022-09-03 05:37:12', '2022-09-03 05:37:12'),
(108, 10, 'Tangail', '2022-09-03 05:37:12', '2022-09-03 05:37:12'),
(109, 10, 'Sirajganj', '2022-09-03 05:37:12', '2022-09-03 05:37:12'),
(110, 10, 'Noakhali', '2022-09-03 05:37:12', '2022-09-03 05:37:12'),
(111, 11, 'Dhaka', '2022-09-03 05:37:12', '2022-09-03 05:37:12'),
(112, 11, 'Jashore', '2022-09-03 05:37:12', '2022-09-03 05:37:12'),
(113, 11, 'Rajshahi', '2022-09-03 05:37:12', '2022-09-03 05:37:12'),
(114, 11, 'Dinajpur', '2022-09-03 05:37:12', '2022-09-03 05:37:12'),
(115, 11, 'Mymensingh', '2022-09-03 05:37:12', '2022-09-03 05:37:12'),
(116, 11, 'Comilla', '2022-09-03 05:37:12', '2022-09-03 05:37:12'),
(117, 11, 'Barisal', '2022-09-03 05:37:12', '2022-09-03 05:37:12'),
(118, 11, 'Khulna', '2022-09-03 05:37:12', '2022-09-03 05:37:12'),
(119, 11, 'Tangail', '2022-09-03 05:37:12', '2022-09-03 05:37:12'),
(120, 11, 'Sirajganj', '2022-09-03 05:37:12', '2022-09-03 05:37:12'),
(121, 11, 'Noakhali', '2022-09-03 05:37:12', '2022-09-03 05:37:12'),
(122, 12, 'Dhaka', '2022-09-03 05:37:12', '2022-09-03 05:37:12'),
(123, 12, 'Jashore', '2022-09-03 05:37:12', '2022-09-03 05:37:12'),
(124, 12, 'Rajshahi', '2022-09-03 05:37:12', '2022-09-03 05:37:12'),
(125, 12, 'Dinajpur', '2022-09-03 05:37:12', '2022-09-03 05:37:12'),
(126, 12, 'Mymensingh', '2022-09-03 05:37:12', '2022-09-03 05:37:12'),
(127, 12, 'Comilla', '2022-09-03 05:37:12', '2022-09-03 05:37:12'),
(128, 12, 'Barisal', '2022-09-03 05:37:12', '2022-09-03 05:37:12'),
(129, 12, 'Khulna', '2022-09-03 05:37:12', '2022-09-03 05:37:12'),
(130, 12, 'Tangail', '2022-09-03 05:37:12', '2022-09-03 05:37:12'),
(131, 12, 'Sirajganj', '2022-09-03 05:37:12', '2022-09-03 05:37:12'),
(132, 12, 'Noakhali', '2022-09-03 05:37:12', '2022-09-03 05:37:12'),
(133, 13, 'Dhaka', '2022-09-03 05:37:12', '2022-09-03 05:37:12'),
(134, 13, 'Jashore', '2022-09-03 05:37:12', '2022-09-03 05:37:12'),
(135, 13, 'Rajshahi', '2022-09-03 05:37:12', '2022-09-03 05:37:12'),
(136, 13, 'Dinajpur', '2022-09-03 05:37:12', '2022-09-03 05:37:12'),
(137, 13, 'Mymensingh', '2022-09-03 05:37:12', '2022-09-03 05:37:12'),
(138, 13, 'Comilla', '2022-09-03 05:37:12', '2022-09-03 05:37:12'),
(139, 13, 'Barisal', '2022-09-03 05:37:12', '2022-09-03 05:37:12'),
(140, 13, 'Khulna', '2022-09-03 05:37:12', '2022-09-03 05:37:12'),
(141, 13, 'Tangail', '2022-09-03 05:37:12', '2022-09-03 05:37:12'),
(142, 13, 'Sirajganj', '2022-09-03 05:37:12', '2022-09-03 05:37:12'),
(143, 13, 'Noakhali', '2022-09-03 05:37:12', '2022-09-03 05:37:12'),
(144, 14, 'Dhaka', '2022-09-03 05:37:12', '2022-09-03 05:37:12'),
(145, 14, 'Jashore', '2022-09-03 05:37:12', '2022-09-03 05:37:12'),
(146, 14, 'Rajshahi', '2022-09-03 05:37:12', '2022-09-03 05:37:12'),
(147, 14, 'Dinajpur', '2022-09-03 05:37:12', '2022-09-03 05:37:12'),
(148, 14, 'Mymensingh', '2022-09-03 05:37:12', '2022-09-03 05:37:12'),
(149, 14, 'Comilla', '2022-09-03 05:37:12', '2022-09-03 05:37:12'),
(150, 14, 'Barisal', '2022-09-03 05:37:12', '2022-09-03 05:37:12'),
(151, 14, 'Khulna', '2022-09-03 05:37:12', '2022-09-03 05:37:12'),
(152, 14, 'Tangail', '2022-09-03 05:37:12', '2022-09-03 05:37:12'),
(153, 14, 'Sirajganj', '2022-09-03 05:37:12', '2022-09-03 05:37:12'),
(154, 14, 'Noakhali', '2022-09-03 05:37:12', '2022-09-03 05:37:12'),
(155, 4, 'Arafat', '2022-09-03 22:29:40', '2022-09-03 22:29:40'),
(156, 13, 'Arafat Ali', '2022-09-03 22:34:28', '2022-09-03 22:34:28'),
(157, 16, 'Arafat Ali', '2022-09-03 22:43:43', '2022-09-03 22:43:43');

-- --------------------------------------------------------

--
-- Table structure for table `cities`
--

CREATE TABLE `cities` (
  `id` bigint UNSIGNED NOT NULL,
  `name` varchar(255) COLLATE utf8mb4_unicode_ci NOT NULL,
  `short_name` varchar(255) COLLATE utf8mb4_unicode_ci NOT NULL,
  `created_at` timestamp NULL DEFAULT NULL,
  `updated_at` timestamp NULL DEFAULT NULL
) ENGINE=InnoDB DEFAULT CHARSET=utf8mb4 COLLATE=utf8mb4_unicode_ci;

--
-- Dumping data for table `cities`
--

INSERT INTO `cities` (`id`, `name`, `short_name`, `created_at`, `updated_at`) VALUES
(1, 'Africa', 'AF', '2022-09-03 05:37:11', '2022-09-03 05:37:11'),
(2, 'North America', 'NA', '2022-09-03 05:37:11', '2022-09-03 05:37:11'),
(3, 'Oceania', 'OC', '2022-09-03 05:37:11', '2022-09-03 05:37:11'),
(4, 'Antarctica', 'AN', '2022-09-03 05:37:11', '2022-09-03 05:37:11'),
(5, 'Asia', 'AS', '2022-09-03 05:37:11', '2022-09-03 05:37:11'),
(6, 'Europe', 'EU', '2022-09-03 05:37:11', '2022-09-03 05:37:11'),
(7, 'South America', 'SA', '2022-09-03 05:37:11', '2022-09-03 05:37:11'),
(8, 'Australia', 'AU', '2022-09-03 05:37:11', '2022-09-03 05:37:11'),
(9, 'Austria', 'AT', '2022-09-03 05:37:11', '2022-09-03 05:37:11'),
(10, 'Azerbaijan', 'AZ', '2022-09-03 05:37:11', '2022-09-03 05:37:11'),
(11, 'Bahamas', 'BS', '2022-09-03 05:37:11', '2022-09-03 05:37:11'),
(12, 'Bahrain', 'BH', '2022-09-03 05:37:11', '2022-09-03 05:37:11'),
(13, 'Bangladesh', 'BD', '2022-09-03 05:37:11', '2022-09-03 05:37:11'),
(14, 'Barbados', 'BB', '2022-09-03 05:37:11', '2022-09-03 05:37:11'),
(15, 'Test City', 'TC', '2022-09-03 07:09:16', '2022-09-03 07:09:16'),
(16, 'Arafat', 'Ar', '2022-09-03 22:35:30', '2022-09-03 22:35:30');

-- --------------------------------------------------------

--
-- Table structure for table `costs`
--

CREATE TABLE `costs` (
  `id` bigint UNSIGNED NOT NULL,
  `rent_id` bigint UNSIGNED NOT NULL,
  `rent_price` double(8,2) DEFAULT NULL,
  `electric` double(8,2) DEFAULT NULL,
  `water` double(8,2) DEFAULT NULL,
  `gas` double(8,2) DEFAULT NULL,
  `service` double(8,2) DEFAULT NULL,
  `negotiable` tinyint(1) NOT NULL DEFAULT '0',
  `others` double(8,2) DEFAULT NULL,
  `created_at` timestamp NULL DEFAULT NULL,
  `updated_at` timestamp NULL DEFAULT NULL
) ENGINE=InnoDB DEFAULT CHARSET=utf8mb4 COLLATE=utf8mb4_unicode_ci;

--
-- Dumping data for table `costs`
--

INSERT INTO `costs` (`id`, `rent_id`, `rent_price`, `electric`, `water`, `gas`, `service`, `negotiable`, `others`, `created_at`, `updated_at`) VALUES
(1, 1, 272.22, 13.52, 6.36, 12.86, 15.49, 1, 9.05, '2022-09-03 05:37:14', '2022-09-03 05:37:14'),
(2, 2, 99.39, 15.64, 6.22, 12.36, 11.42, 0, 7.33, '2022-09-03 05:37:14', '2022-09-03 05:37:14'),
(3, 3, 226.99, 16.32, 7.94, 11.24, 13.54, 1, 6.06, '2022-09-03 05:37:15', '2022-09-03 05:37:15'),
(4, 4, 147.92, 10.59, 9.10, 10.91, 12.08, 0, 9.94, '2022-09-03 05:37:15', '2022-09-03 05:37:15'),
(5, 5, 130.70, 26.14, 7.82, 13.01, 11.46, 1, 7.29, '2022-09-03 05:37:15', '2022-09-03 05:37:15'),
(6, 6, 102.59, 12.61, 8.82, 12.92, 12.68, 0, 7.25, '2022-09-03 05:37:15', '2022-09-03 05:37:15'),
(7, 7, 131.46, 10.87, 6.87, 11.18, 14.00, 0, 8.08, '2022-09-03 05:37:15', '2022-09-03 05:37:15'),
(8, 8, 186.80, 15.42, 8.26, 13.08, 19.83, 0, 8.68, '2022-09-03 05:37:15', '2022-09-03 05:37:15'),
(9, 9, 142.58, 29.64, 5.56, 12.17, 14.05, 1, 6.17, '2022-09-03 05:37:15', '2022-09-03 05:37:15'),
(10, 10, 185.65, 16.76, 6.09, 11.89, 17.12, 0, 7.88, '2022-09-03 05:37:15', '2022-09-03 05:37:15'),
(11, 11, 116.18, 17.13, 5.73, 12.08, 17.79, 0, 9.95, '2022-09-03 05:37:15', '2022-09-03 05:37:15'),
(12, 12, 252.82, 27.16, 9.58, 10.81, 14.78, 0, 9.03, '2022-09-03 05:37:15', '2022-09-03 05:37:15'),
(13, 13, 83.32, 10.43, 8.23, 13.52, 19.60, 0, 9.37, '2022-09-03 05:37:15', '2022-09-03 05:37:15'),
(14, 14, 126.45, 18.94, 8.88, 14.64, 17.57, 0, 8.95, '2022-09-03 05:37:16', '2022-09-03 05:37:16'),
(15, 15, 82.31, 17.22, 9.99, 11.61, 18.35, 0, 5.03, '2022-09-03 05:37:16', '2022-09-03 05:37:16'),
(16, 16, 251.04, 16.40, 9.26, 13.10, 10.38, 0, 7.34, '2022-09-03 05:37:16', '2022-09-03 05:37:16'),
(17, 17, 193.04, 13.36, 6.17, 11.40, 15.87, 1, 7.76, '2022-09-03 05:37:16', '2022-09-03 05:37:16'),
(18, 18, 228.68, 14.78, 7.02, 12.39, 19.39, 1, 7.94, '2022-09-03 05:37:16', '2022-09-03 05:37:16'),
(19, 19, 234.71, 27.34, 5.22, 14.58, 17.82, 1, 7.73, '2022-09-03 05:37:16', '2022-09-03 05:37:16'),
(20, 20, 293.21, 13.33, 7.12, 12.09, 10.01, 0, 7.43, '2022-09-03 05:37:16', '2022-09-03 05:37:16'),
(21, 21, 144.51, 12.41, 9.10, 11.01, 13.24, 0, 8.01, '2022-09-03 05:37:16', '2022-09-03 05:37:16'),
(22, 22, 81.29, 13.90, 9.37, 14.98, 15.66, 1, 7.90, '2022-09-03 05:37:16', '2022-09-03 05:37:16'),
(23, 23, 250.61, 17.05, 8.49, 14.05, 15.88, 0, 8.63, '2022-09-03 05:37:16', '2022-09-03 05:37:16'),
(24, 24, 214.15, 20.93, 8.75, 12.75, 18.85, 0, 9.89, '2022-09-03 05:37:16', '2022-09-03 05:37:16'),
(25, 25, 231.41, 13.66, 8.55, 12.25, 15.61, 1, 5.17, '2022-09-03 05:37:17', '2022-09-03 05:37:17'),
(26, 26, 228.94, 25.81, 7.23, 12.30, 14.96, 1, 7.15, '2022-09-03 05:37:17', '2022-09-03 05:37:17'),
(27, 27, 123.62, 10.78, 7.79, 14.75, 11.78, 0, 8.33, '2022-09-03 05:37:17', '2022-09-03 05:37:17'),
(28, 28, 203.53, 14.41, 5.56, 11.35, 13.25, 0, 9.44, '2022-09-03 05:37:17', '2022-09-03 05:37:17'),
(29, 29, 286.16, 16.48, 9.43, 10.20, 12.41, 1, 7.46, '2022-09-03 05:37:17', '2022-09-03 05:37:17'),
(30, 30, 191.46, 14.24, 8.66, 10.50, 14.82, 0, 6.03, '2022-09-03 05:37:17', '2022-09-03 05:37:17'),
(31, 31, 96.78, 20.81, 9.13, 10.29, 14.79, 1, 5.17, '2022-09-03 05:37:17', '2022-09-03 05:37:17'),
(32, 32, 104.25, 18.55, 8.35, 13.19, 11.09, 1, 8.36, '2022-09-03 05:37:17', '2022-09-03 05:37:17'),
(33, 33, 173.34, 22.68, 6.65, 14.72, 19.76, 1, 7.03, '2022-09-03 05:37:17', '2022-09-03 05:37:17'),
(34, 34, 196.23, 10.86, 8.28, 10.19, 18.02, 0, 9.21, '2022-09-03 05:37:17', '2022-09-03 05:37:17'),
(35, 35, 244.93, 19.80, 6.21, 12.98, 10.35, 1, 9.81, '2022-09-03 05:37:17', '2022-09-03 05:37:17'),
(36, 36, 175.01, 25.04, 6.87, 13.46, 19.55, 0, 5.99, '2022-09-03 05:37:17', '2022-09-03 05:37:17'),
(37, 37, 187.49, 27.71, 7.67, 11.90, 19.64, 1, 8.07, '2022-09-03 05:37:18', '2022-09-03 05:37:18'),
(38, 38, 246.82, 17.91, 9.78, 12.94, 14.52, 0, 8.26, '2022-09-03 05:37:18', '2022-09-03 05:37:18'),
(39, 39, 105.31, 18.29, 6.47, 10.52, 13.61, 1, 6.59, '2022-09-03 05:37:18', '2022-09-03 05:37:18'),
(40, 40, 252.65, 15.37, 7.27, 12.26, 17.30, 1, 8.60, '2022-09-03 05:37:18', '2022-09-03 05:37:18'),
(41, 41, 184.81, 28.36, 5.07, 14.46, 16.71, 1, 5.13, '2022-09-03 05:37:18', '2022-09-03 05:37:18'),
(42, 42, 231.67, 23.70, 8.80, 12.94, 15.45, 1, 6.05, '2022-09-03 05:37:18', '2022-09-03 05:37:18'),
(43, 43, 299.08, 17.56, 5.55, 14.93, 18.26, 1, 6.76, '2022-09-03 05:37:18', '2022-09-03 05:37:18'),
(44, 44, 173.30, 26.61, 8.51, 12.39, 10.48, 1, 5.91, '2022-09-03 05:37:18', '2022-09-03 05:37:18'),
(45, 45, 163.81, 17.89, 8.74, 14.49, 15.19, 0, 7.59, '2022-09-03 05:37:18', '2022-09-03 05:37:18'),
(46, 46, 183.97, 15.94, 9.81, 11.75, 19.68, 0, 5.05, '2022-09-03 05:37:18', '2022-09-03 05:37:18'),
(47, 47, 144.61, 14.03, 8.31, 13.68, 19.93, 1, 5.14, '2022-09-03 05:37:18', '2022-09-03 05:37:18'),
(48, 48, 90.92, 22.87, 6.81, 12.65, 10.18, 1, 7.34, '2022-09-03 05:37:19', '2022-09-03 05:37:19'),
(49, 49, 116.42, 10.43, 5.38, 10.98, 12.58, 1, 7.12, '2022-09-03 05:37:19', '2022-09-03 05:37:19'),
(50, 50, 124.72, 21.74, 9.28, 14.56, 11.38, 1, 7.81, '2022-09-03 05:37:19', '2022-09-03 05:37:19'),
(51, 51, 130.91, 24.12, 7.25, 13.28, 11.54, 1, 5.54, '2022-09-03 05:37:19', '2022-09-03 05:37:19'),
(52, 52, 243.95, 14.97, 7.88, 10.16, 17.25, 0, 8.67, '2022-09-03 05:37:19', '2022-09-03 05:37:19'),
(53, 53, 153.39, 26.47, 5.06, 11.60, 14.02, 1, 8.05, '2022-09-03 05:37:19', '2022-09-03 05:37:19'),
(54, 54, 233.04, 13.95, 7.72, 13.57, 17.53, 0, 9.30, '2022-09-03 05:37:19', '2022-09-03 05:37:19'),
(55, 55, 192.38, 23.65, 6.43, 12.29, 17.69, 0, 7.35, '2022-09-03 05:37:19', '2022-09-03 05:37:19'),
(56, 56, 220.92, 28.27, 5.81, 11.98, 14.90, 1, 7.29, '2022-09-03 05:37:19', '2022-09-03 05:37:19'),
(57, 57, 155.65, 28.18, 6.73, 13.64, 19.14, 0, 6.09, '2022-09-03 05:37:19', '2022-09-03 05:37:19'),
(58, 58, 233.13, 22.28, 7.25, 13.92, 10.46, 0, 8.07, '2022-09-03 05:37:19', '2022-09-03 05:37:19'),
(59, 59, 137.44, 27.96, 9.65, 12.45, 15.74, 1, 9.62, '2022-09-03 05:37:20', '2022-09-03 05:37:20'),
(60, 60, 138.04, 13.13, 8.91, 12.24, 14.11, 1, 9.65, '2022-09-03 05:37:20', '2022-09-03 05:37:20'),
(61, 61, 259.90, 20.28, 9.88, 13.88, 12.41, 1, 8.73, '2022-09-03 05:37:20', '2022-09-03 05:37:20'),
(62, 62, 275.18, 22.99, 6.90, 12.82, 10.01, 0, 6.98, '2022-09-03 05:37:20', '2022-09-03 05:37:20'),
(63, 63, 206.78, 25.47, 9.10, 13.03, 13.29, 1, 9.13, '2022-09-03 05:37:20', '2022-09-03 05:37:20'),
(64, 64, 268.01, 21.00, 7.73, 11.31, 11.62, 1, 8.26, '2022-09-03 05:37:20', '2022-09-03 05:37:20'),
(65, 65, 126.25, 14.44, 7.77, 13.59, 10.80, 1, 9.72, '2022-09-03 05:37:20', '2022-09-03 05:37:20'),
(66, 66, 259.66, 16.01, 9.07, 13.65, 15.42, 1, 8.37, '2022-09-03 05:37:20', '2022-09-03 05:37:20'),
(67, 67, 295.88, 27.25, 9.28, 10.46, 12.13, 1, 9.63, '2022-09-03 05:37:20', '2022-09-03 05:37:20'),
(68, 68, 121.57, 10.17, 5.52, 10.21, 17.24, 0, 6.68, '2022-09-03 05:37:20', '2022-09-03 05:37:20'),
(69, 69, 104.23, 28.36, 7.87, 14.18, 13.20, 1, 5.97, '2022-09-03 05:37:20', '2022-09-03 05:37:20'),
(70, 70, 152.13, 20.46, 9.82, 11.20, 13.25, 1, 6.17, '2022-09-03 05:37:20', '2022-09-03 05:37:20'),
(71, 71, 148.46, 20.04, 8.73, 14.80, 18.17, 0, 5.37, '2022-09-03 05:37:21', '2022-09-03 05:37:21'),
(72, 72, 158.32, 20.03, 8.78, 12.77, 15.08, 0, 7.71, '2022-09-03 05:37:21', '2022-09-03 05:37:21'),
(73, 73, 299.92, 12.69, 9.39, 12.42, 15.07, 0, 8.95, '2022-09-03 05:37:21', '2022-09-03 05:37:21'),
(74, 74, 203.67, 26.15, 5.74, 13.45, 18.66, 0, 9.82, '2022-09-03 05:37:21', '2022-09-03 05:37:21'),
(75, 75, 157.98, 16.02, 8.99, 12.84, 14.53, 0, 8.96, '2022-09-03 05:37:21', '2022-09-03 05:37:21'),
(76, 76, 114.72, 14.11, 7.23, 14.92, 16.17, 0, 9.93, '2022-09-03 05:37:21', '2022-09-03 05:37:21'),
(77, 77, 88.42, 11.79, 5.15, 11.94, 13.98, 1, 5.31, '2022-09-03 05:37:21', '2022-09-03 05:37:21'),
(78, 78, 193.60, 16.20, 5.08, 10.82, 10.16, 1, 8.52, '2022-09-03 05:37:21', '2022-09-03 05:37:21'),
(79, 79, 221.62, 25.82, 8.73, 12.46, 15.65, 1, 8.30, '2022-09-03 05:37:21', '2022-09-03 05:37:21'),
(80, 80, 239.66, 14.56, 9.57, 11.56, 14.84, 0, 7.35, '2022-09-03 05:37:21', '2022-09-03 05:37:21'),
(81, 81, 141.89, 26.34, 7.39, 14.43, 11.97, 1, 7.59, '2022-09-03 05:37:21', '2022-09-03 05:37:21'),
(82, 82, 237.89, 28.55, 6.25, 14.11, 16.46, 1, 5.29, '2022-09-03 05:37:22', '2022-09-03 05:37:22'),
(83, 83, 278.50, 23.26, 5.78, 10.35, 16.51, 1, 5.96, '2022-09-03 05:37:22', '2022-09-03 05:37:22'),
(84, 84, 286.73, 24.70, 9.81, 10.40, 16.35, 1, 5.50, '2022-09-03 05:37:22', '2022-09-03 05:37:22'),
(85, 85, 237.83, 12.62, 5.34, 13.58, 19.37, 0, 6.05, '2022-09-03 05:37:22', '2022-09-03 05:37:22'),
(86, 86, 260.95, 22.95, 6.39, 10.96, 12.84, 0, 8.92, '2022-09-03 05:37:22', '2022-09-03 05:37:22'),
(87, 87, 173.94, 18.27, 9.53, 14.69, 19.30, 0, 6.29, '2022-09-03 05:37:22', '2022-09-03 05:37:22'),
(88, 88, 119.85, 26.47, 5.91, 14.99, 12.69, 1, 5.38, '2022-09-03 05:37:22', '2022-09-03 05:37:22'),
(89, 89, 177.09, 17.92, 8.24, 14.31, 14.99, 0, 9.31, '2022-09-03 05:37:22', '2022-09-03 05:37:22'),
(90, 90, 176.39, 20.61, 5.63, 11.43, 15.41, 0, 7.58, '2022-09-03 05:37:22', '2022-09-03 05:37:22'),
(91, 91, 141.41, 25.92, 9.26, 12.05, 16.27, 0, 7.74, '2022-09-03 05:37:22', '2022-09-03 05:37:22'),
(92, 92, 134.62, 29.70, 7.26, 11.34, 12.51, 1, 8.85, '2022-09-03 05:37:22', '2022-09-03 05:37:22'),
(93, 93, 227.95, 18.04, 6.72, 12.50, 17.48, 0, 8.14, '2022-09-03 05:37:23', '2022-09-03 05:37:23'),
(94, 94, 80.58, 24.24, 8.30, 12.39, 19.26, 0, 8.14, '2022-09-03 05:37:23', '2022-09-03 05:37:23'),
(95, 95, 196.13, 21.51, 5.04, 13.34, 14.76, 0, 7.92, '2022-09-03 05:37:23', '2022-09-03 05:37:23'),
(96, 96, 216.17, 10.72, 8.28, 11.86, 14.24, 1, 6.63, '2022-09-03 05:37:23', '2022-09-03 05:37:23'),
(97, 97, 184.52, 11.38, 5.98, 13.29, 18.86, 0, 9.56, '2022-09-03 05:37:23', '2022-09-03 05:37:23'),
(98, 98, 173.12, 13.53, 9.22, 13.54, 17.87, 0, 6.83, '2022-09-03 05:37:23', '2022-09-03 05:37:23'),
(99, 99, 172.45, 25.05, 8.47, 11.18, 15.53, 1, 9.49, '2022-09-03 05:37:23', '2022-09-03 05:37:23'),
(100, 100, 138.73, 14.23, 8.66, 11.82, 14.27, 1, 8.88, '2022-09-03 05:37:23', '2022-09-03 05:37:23'),
(101, 101, 179.37, 24.04, 7.63, 11.81, 16.90, 1, 9.39, '2022-09-03 05:37:23', '2022-09-03 05:37:23'),
(102, 102, 221.20, 14.17, 9.97, 12.56, 12.06, 0, 8.66, '2022-09-03 05:37:23', '2022-09-03 05:37:23'),
(103, 103, 93.23, 23.48, 8.67, 14.12, 16.29, 1, 7.99, '2022-09-03 05:37:23', '2022-09-03 05:37:23'),
(104, 104, 241.63, 15.59, 6.57, 12.91, 16.35, 1, 8.80, '2022-09-03 05:37:23', '2022-09-03 05:37:23'),
(105, 105, 288.45, 20.86, 9.00, 10.13, 11.22, 0, 8.06, '2022-09-03 05:37:24', '2022-09-03 05:37:24'),
(106, 106, 264.07, 24.04, 8.04, 10.20, 18.33, 1, 5.07, '2022-09-03 05:37:24', '2022-09-03 05:37:24'),
(107, 107, 114.72, 29.43, 7.81, 14.19, 13.98, 1, 9.40, '2022-09-03 05:37:24', '2022-09-03 05:37:24'),
(108, 108, 133.30, 13.89, 6.52, 10.53, 11.50, 1, 8.87, '2022-09-03 05:37:24', '2022-09-03 05:37:24'),
(109, 109, 129.37, 13.58, 6.19, 10.64, 14.62, 0, 6.92, '2022-09-03 05:37:24', '2022-09-03 05:37:24'),
(110, 110, 92.20, 17.42, 9.73, 11.12, 19.77, 0, 9.17, '2022-09-03 05:37:24', '2022-09-03 05:37:24'),
(111, 111, 158.46, 14.88, 6.35, 10.75, 11.00, 0, 5.55, '2022-09-03 05:37:24', '2022-09-03 05:37:24'),
(112, 112, 138.32, 18.91, 7.07, 11.36, 12.33, 0, 6.18, '2022-09-03 05:37:24', '2022-09-03 05:37:24'),
(113, 113, 222.13, 16.32, 9.67, 13.21, 15.45, 1, 9.24, '2022-09-03 05:37:24', '2022-09-03 05:37:24'),
(114, 114, 227.91, 17.45, 9.56, 10.72, 12.20, 0, 8.64, '2022-09-03 05:37:24', '2022-09-03 05:37:24'),
(115, 115, 270.40, 11.67, 6.30, 13.99, 11.06, 0, 6.90, '2022-09-03 05:37:24', '2022-09-03 05:37:24'),
(116, 116, 186.94, 16.60, 9.38, 11.78, 13.66, 1, 6.54, '2022-09-03 05:37:25', '2022-09-03 05:37:25'),
(117, 117, 288.32, 20.49, 5.18, 11.22, 12.89, 0, 5.07, '2022-09-03 05:37:25', '2022-09-03 05:37:25'),
(118, 119, 150.00, 20.00, 10.00, 10.00, 20.00, 0, NULL, '2022-09-07 01:02:43', '2022-09-07 01:02:43'),
(119, 120, 200.00, 20.00, 10.00, 10.00, 10.00, 1, 1.00, '2022-09-07 01:32:20', '2022-09-08 04:46:58'),
(120, 121, 200.00, 20.00, 10.00, 15.00, 20.00, 0, NULL, '2022-09-07 04:21:20', '2022-09-07 04:21:20'),
(121, 122, 100.00, 10.00, 10.00, 5.00, 20.00, 0, NULL, '2022-09-07 22:57:11', '2022-09-07 22:57:11'),
(122, 123, 454.00, 32.00, 31.00, 13.00, 45.00, 0, 1.00, '2022-09-07 23:00:17', '2022-09-08 04:12:23'),
(123, 124, 500.00, 90.00, 50.00, 50.00, 10.00, 0, 1.00, '2022-09-07 23:17:23', '2022-09-08 04:09:08'),
(124, 125, 200.00, 12.00, 8.00, 6.00, 10.00, 0, 1.00, '2022-09-08 07:04:44', '2022-09-12 05:55:49'),
(125, 126, 130.00, 20.00, 15.00, 10.00, 5.00, 1, 20.00, '2022-11-06 05:51:42', '2022-11-06 05:51:42'),
(126, 127, 130.00, 20.00, 15.00, 10.00, 5.00, 1, 20.00, '2022-11-06 06:00:56', '2022-11-06 06:00:56'),
(127, 128, 130.00, 20.00, 15.00, 10.00, 5.00, 1, 20.00, '2022-11-06 06:01:50', '2022-11-06 06:01:50'),
(128, 129, 130.00, 20.00, 15.00, 10.00, 5.00, 1, 20.00, '2022-11-13 04:31:18', '2022-11-13 04:31:18');

-- --------------------------------------------------------

--
-- Table structure for table `currencies`
--

CREATE TABLE `currencies` (
  `id` bigint UNSIGNED NOT NULL,
  `symbol` enum('$','¥','৳','₡','£','₹','¢','﷼','Дин') COLLATE utf8mb4_unicode_ci NOT NULL,
  `created_at` timestamp NULL DEFAULT NULL,
  `updated_at` timestamp NULL DEFAULT NULL
) ENGINE=InnoDB DEFAULT CHARSET=utf8mb4 COLLATE=utf8mb4_unicode_ci;

-- --------------------------------------------------------

--
-- Table structure for table `customers`
--

CREATE TABLE `customers` (
  `id` bigint UNSIGNED NOT NULL,
  `user_id` bigint UNSIGNED NOT NULL,
  `created_at` timestamp NULL DEFAULT NULL,
  `updated_at` timestamp NULL DEFAULT NULL
) ENGINE=InnoDB DEFAULT CHARSET=utf8mb4 COLLATE=utf8mb4_unicode_ci;

--
-- Dumping data for table `customers`
--

INSERT INTO `customers` (`id`, `user_id`, `created_at`, `updated_at`) VALUES
(1, 3, '2022-09-03 05:37:13', NULL),
(2, 4, '2022-09-03 05:37:13', NULL),
(3, 5, '2022-09-03 05:37:13', NULL),
(4, 6, '2022-09-03 05:37:13', NULL),
(5, 7, '2022-09-03 05:37:13', NULL),
(6, 8, '2022-09-03 05:37:13', NULL),
(7, 9, '2022-09-03 05:37:13', NULL),
(8, 10, '2022-09-03 05:37:13', NULL),
(9, 11, '2022-09-03 05:37:13', NULL),
(10, 12, '2022-09-03 05:37:13', NULL),
(11, 13, '2022-09-03 05:37:13', NULL),
(12, 14, '2022-09-03 05:37:13', NULL),
(13, 15, '2022-09-03 05:37:14', NULL),
(14, 16, '2022-09-03 05:37:14', NULL),
(15, 17, '2022-09-03 05:37:14', NULL),
(16, 18, '2022-09-04 01:25:57', '2022-09-04 01:25:57'),
(17, 19, '2022-09-04 05:53:44', '2022-09-04 05:53:44'),
(18, 20, '2022-09-04 06:03:28', '2022-09-04 06:03:28');

-- --------------------------------------------------------

--
-- Table structure for table `facilities`
--

CREATE TABLE `facilities` (
  `id` bigint UNSIGNED NOT NULL,
  `rent_id` bigint UNSIGNED NOT NULL,
  `lift` tinyint(1) NOT NULL DEFAULT '0',
  `generator` tinyint(1) NOT NULL DEFAULT '0',
  `guard` tinyint(1) NOT NULL DEFAULT '0',
  `parking` tinyint(1) NOT NULL DEFAULT '0',
  `gas` tinyint(1) NOT NULL DEFAULT '0',
  `internet` tinyint(1) NOT NULL DEFAULT '0',
  `created_at` timestamp NULL DEFAULT NULL,
  `updated_at` timestamp NULL DEFAULT NULL
) ENGINE=InnoDB DEFAULT CHARSET=utf8mb4 COLLATE=utf8mb4_unicode_ci;

--
-- Dumping data for table `facilities`
--

INSERT INTO `facilities` (`id`, `rent_id`, `lift`, `generator`, `guard`, `parking`, `gas`, `internet`, `created_at`, `updated_at`) VALUES
(1, 1, 0, 1, 0, 1, 0, 1, '2022-09-03 05:37:14', '2022-09-03 05:37:14'),
(2, 2, 1, 1, 0, 0, 0, 0, '2022-09-03 05:37:14', '2022-09-03 05:37:14'),
(3, 3, 0, 1, 1, 0, 1, 1, '2022-09-03 05:37:15', '2022-09-03 05:37:15'),
(4, 4, 1, 1, 0, 1, 1, 1, '2022-09-03 05:37:15', '2022-09-03 05:37:15'),
(5, 5, 1, 1, 0, 0, 0, 0, '2022-09-03 05:37:15', '2022-09-03 05:37:15'),
(6, 6, 0, 1, 1, 0, 1, 1, '2022-09-03 05:37:15', '2022-09-03 05:37:15'),
(7, 7, 0, 0, 1, 0, 1, 0, '2022-09-03 05:37:15', '2022-09-03 05:37:15'),
(8, 8, 0, 1, 1, 0, 0, 1, '2022-09-03 05:37:15', '2022-09-03 05:37:15'),
(9, 9, 0, 1, 1, 1, 1, 0, '2022-09-03 05:37:15', '2022-09-03 05:37:15'),
(10, 10, 1, 0, 0, 1, 0, 0, '2022-09-03 05:37:15', '2022-09-03 05:37:15'),
(11, 11, 1, 1, 0, 1, 1, 0, '2022-09-03 05:37:15', '2022-09-03 05:37:15'),
(12, 12, 1, 1, 0, 0, 0, 0, '2022-09-03 05:37:15', '2022-09-03 05:37:15'),
(13, 13, 0, 0, 0, 0, 1, 0, '2022-09-03 05:37:15', '2022-09-03 05:37:15'),
(14, 14, 0, 0, 1, 1, 0, 1, '2022-09-03 05:37:16', '2022-09-03 05:37:16'),
(15, 15, 1, 0, 0, 0, 0, 1, '2022-09-03 05:37:16', '2022-09-03 05:37:16'),
(16, 16, 1, 0, 1, 1, 1, 1, '2022-09-03 05:37:16', '2022-09-03 05:37:16'),
(17, 17, 1, 1, 1, 1, 0, 0, '2022-09-03 05:37:16', '2022-09-03 05:37:16'),
(18, 18, 1, 1, 1, 0, 0, 1, '2022-09-03 05:37:16', '2022-09-03 05:37:16'),
(19, 19, 0, 1, 0, 0, 0, 1, '2022-09-03 05:37:16', '2022-09-03 05:37:16'),
(20, 20, 0, 0, 0, 0, 1, 1, '2022-09-03 05:37:16', '2022-09-03 05:37:16'),
(21, 21, 1, 0, 1, 1, 0, 0, '2022-09-03 05:37:16', '2022-09-03 05:37:16'),
(22, 22, 1, 1, 0, 1, 0, 1, '2022-09-03 05:37:16', '2022-09-03 05:37:16'),
(23, 23, 0, 1, 1, 0, 1, 1, '2022-09-03 05:37:16', '2022-09-03 05:37:16'),
(24, 24, 0, 0, 0, 1, 0, 1, '2022-09-03 05:37:16', '2022-09-03 05:37:16'),
(25, 25, 0, 0, 0, 0, 1, 1, '2022-09-03 05:37:17', '2022-09-03 05:37:17'),
(26, 26, 0, 0, 0, 1, 0, 0, '2022-09-03 05:37:17', '2022-09-03 05:37:17'),
(27, 27, 1, 0, 0, 0, 1, 0, '2022-09-03 05:37:17', '2022-09-03 05:37:17'),
(28, 28, 1, 0, 0, 1, 0, 0, '2022-09-03 05:37:17', '2022-09-03 05:37:17'),
(29, 29, 0, 0, 1, 1, 1, 1, '2022-09-03 05:37:17', '2022-09-03 05:37:17'),
(30, 30, 0, 0, 0, 0, 0, 0, '2022-09-03 05:37:17', '2022-09-03 05:37:17'),
(31, 31, 0, 1, 0, 1, 0, 1, '2022-09-03 05:37:17', '2022-09-03 05:37:17'),
(32, 32, 1, 1, 0, 0, 1, 0, '2022-09-03 05:37:17', '2022-09-03 05:37:17'),
(33, 33, 0, 0, 1, 1, 1, 0, '2022-09-03 05:37:17', '2022-09-03 05:37:17'),
(34, 34, 0, 1, 1, 0, 0, 1, '2022-09-03 05:37:17', '2022-09-03 05:37:17'),
(35, 35, 1, 1, 0, 0, 0, 0, '2022-09-03 05:37:17', '2022-09-03 05:37:17'),
(36, 36, 0, 0, 1, 0, 0, 0, '2022-09-03 05:37:17', '2022-09-03 05:37:17'),
(37, 37, 0, 1, 0, 0, 1, 0, '2022-09-03 05:37:18', '2022-09-03 05:37:18'),
(38, 38, 1, 1, 1, 0, 1, 0, '2022-09-03 05:37:18', '2022-09-03 05:37:18'),
(39, 39, 0, 0, 0, 1, 1, 1, '2022-09-03 05:37:18', '2022-09-03 05:37:18'),
(40, 40, 1, 1, 0, 1, 1, 0, '2022-09-03 05:37:18', '2022-09-03 05:37:18'),
(41, 41, 0, 0, 1, 1, 1, 1, '2022-09-03 05:37:18', '2022-09-03 05:37:18'),
(42, 42, 1, 1, 0, 1, 0, 1, '2022-09-03 05:37:18', '2022-09-03 05:37:18'),
(43, 43, 0, 1, 1, 1, 0, 1, '2022-09-03 05:37:18', '2022-09-03 05:37:18'),
(44, 44, 0, 1, 1, 1, 1, 1, '2022-09-03 05:37:18', '2022-09-03 05:37:18'),
(45, 45, 1, 0, 1, 0, 0, 0, '2022-09-03 05:37:18', '2022-09-03 05:37:18'),
(46, 46, 0, 0, 0, 0, 1, 0, '2022-09-03 05:37:18', '2022-09-03 05:37:18'),
(47, 47, 0, 0, 1, 0, 1, 1, '2022-09-03 05:37:18', '2022-09-03 05:37:18'),
(48, 48, 0, 0, 1, 0, 1, 0, '2022-09-03 05:37:19', '2022-09-03 05:37:19'),
(49, 49, 0, 1, 1, 1, 1, 0, '2022-09-03 05:37:19', '2022-09-03 05:37:19'),
(50, 50, 0, 0, 0, 0, 0, 1, '2022-09-03 05:37:19', '2022-09-03 05:37:19'),
(51, 51, 0, 0, 0, 0, 1, 0, '2022-09-03 05:37:19', '2022-09-03 05:37:19'),
(52, 52, 0, 0, 0, 1, 0, 0, '2022-09-03 05:37:19', '2022-09-03 05:37:19'),
(53, 53, 0, 1, 1, 1, 1, 0, '2022-09-03 05:37:19', '2022-09-03 05:37:19'),
(54, 54, 1, 1, 0, 1, 1, 0, '2022-09-03 05:37:19', '2022-09-03 05:37:19'),
(55, 55, 0, 0, 1, 0, 0, 1, '2022-09-03 05:37:19', '2022-09-03 05:37:19'),
(56, 56, 1, 1, 1, 1, 0, 1, '2022-09-03 05:37:19', '2022-09-03 05:37:19'),
(57, 57, 1, 0, 0, 0, 1, 1, '2022-09-03 05:37:19', '2022-09-03 05:37:19'),
(58, 58, 1, 1, 1, 1, 1, 1, '2022-09-03 05:37:19', '2022-09-03 05:37:19'),
(59, 59, 1, 0, 0, 0, 0, 0, '2022-09-03 05:37:20', '2022-09-03 05:37:20'),
(60, 60, 1, 1, 1, 1, 0, 0, '2022-09-03 05:37:20', '2022-09-03 05:37:20'),
(61, 61, 0, 1, 1, 1, 0, 0, '2022-09-03 05:37:20', '2022-09-03 05:37:20'),
(62, 62, 1, 1, 0, 1, 1, 0, '2022-09-03 05:37:20', '2022-09-03 05:37:20'),
(63, 63, 0, 1, 0, 1, 1, 0, '2022-09-03 05:37:20', '2022-09-03 05:37:20'),
(64, 64, 0, 0, 1, 0, 1, 1, '2022-09-03 05:37:20', '2022-09-03 05:37:20'),
(65, 65, 0, 1, 0, 0, 1, 0, '2022-09-03 05:37:20', '2022-09-03 05:37:20'),
(66, 66, 0, 0, 1, 1, 0, 1, '2022-09-03 05:37:20', '2022-09-03 05:37:20'),
(67, 67, 1, 1, 1, 0, 1, 0, '2022-09-03 05:37:20', '2022-09-03 05:37:20'),
(68, 68, 1, 1, 0, 1, 1, 0, '2022-09-03 05:37:20', '2022-09-03 05:37:20'),
(69, 69, 0, 1, 0, 1, 1, 1, '2022-09-03 05:37:20', '2022-09-03 05:37:20'),
(70, 70, 0, 0, 0, 1, 0, 1, '2022-09-03 05:37:20', '2022-09-03 05:37:20'),
(71, 71, 1, 0, 0, 1, 0, 0, '2022-09-03 05:37:21', '2022-09-03 05:37:21'),
(72, 72, 1, 0, 0, 0, 0, 1, '2022-09-03 05:37:21', '2022-09-03 05:37:21'),
(73, 73, 1, 1, 1, 0, 0, 1, '2022-09-03 05:37:21', '2022-09-03 05:37:21'),
(74, 74, 1, 0, 1, 0, 0, 0, '2022-09-03 05:37:21', '2022-09-03 05:37:21'),
(75, 75, 1, 0, 1, 0, 1, 0, '2022-09-03 05:37:21', '2022-09-03 05:37:21'),
(76, 76, 0, 1, 0, 1, 1, 1, '2022-09-03 05:37:21', '2022-09-03 05:37:21'),
(77, 77, 0, 0, 0, 0, 0, 0, '2022-09-03 05:37:21', '2022-09-03 05:37:21'),
(78, 78, 1, 0, 1, 0, 0, 0, '2022-09-03 05:37:21', '2022-09-03 05:37:21'),
(79, 79, 1, 0, 1, 1, 1, 1, '2022-09-03 05:37:21', '2022-09-03 05:37:21'),
(80, 80, 1, 0, 1, 1, 1, 0, '2022-09-03 05:37:21', '2022-09-03 05:37:21'),
(81, 81, 0, 1, 0, 1, 1, 0, '2022-09-03 05:37:21', '2022-09-03 05:37:21'),
(82, 82, 1, 0, 1, 1, 1, 0, '2022-09-03 05:37:22', '2022-09-03 05:37:22'),
(83, 83, 1, 1, 1, 1, 0, 0, '2022-09-03 05:37:22', '2022-09-03 05:37:22'),
(84, 84, 0, 1, 0, 1, 1, 0, '2022-09-03 05:37:22', '2022-09-03 05:37:22'),
(85, 85, 1, 1, 1, 1, 1, 0, '2022-09-03 05:37:22', '2022-09-03 05:37:22'),
(86, 86, 0, 0, 1, 0, 1, 0, '2022-09-03 05:37:22', '2022-09-03 05:37:22'),
(87, 87, 1, 0, 1, 1, 1, 0, '2022-09-03 05:37:22', '2022-09-03 05:37:22'),
(88, 88, 0, 1, 1, 0, 0, 0, '2022-09-03 05:37:22', '2022-09-03 05:37:22'),
(89, 89, 1, 0, 1, 1, 0, 1, '2022-09-03 05:37:22', '2022-09-03 05:37:22'),
(90, 90, 1, 0, 1, 0, 0, 0, '2022-09-03 05:37:22', '2022-09-03 05:37:22'),
(91, 91, 0, 0, 0, 1, 0, 1, '2022-09-03 05:37:22', '2022-09-03 05:37:22'),
(92, 92, 1, 1, 1, 1, 1, 1, '2022-09-03 05:37:22', '2022-09-03 05:37:22'),
(93, 93, 0, 0, 0, 1, 0, 1, '2022-09-03 05:37:23', '2022-09-03 05:37:23'),
(94, 94, 1, 1, 0, 1, 0, 1, '2022-09-03 05:37:23', '2022-09-03 05:37:23'),
(95, 95, 0, 0, 1, 0, 1, 0, '2022-09-03 05:37:23', '2022-09-03 05:37:23'),
(96, 96, 0, 0, 1, 0, 1, 0, '2022-09-03 05:37:23', '2022-09-03 05:37:23'),
(97, 97, 1, 1, 1, 1, 1, 1, '2022-09-03 05:37:23', '2022-09-03 05:37:23'),
(98, 98, 1, 0, 1, 1, 0, 1, '2022-09-03 05:37:23', '2022-09-03 05:37:23'),
(99, 99, 1, 0, 1, 0, 1, 0, '2022-09-03 05:37:23', '2022-09-03 05:37:23'),
(100, 100, 0, 1, 0, 0, 0, 0, '2022-09-03 05:37:23', '2022-09-03 05:37:23'),
(101, 101, 0, 0, 0, 0, 1, 1, '2022-09-03 05:37:23', '2022-09-03 05:37:23'),
(102, 102, 1, 1, 1, 0, 1, 1, '2022-09-03 05:37:23', '2022-09-03 05:37:23'),
(103, 103, 1, 0, 1, 1, 1, 1, '2022-09-03 05:37:23', '2022-09-03 05:37:23'),
(104, 104, 1, 0, 1, 1, 0, 0, '2022-09-03 05:37:24', '2022-09-03 05:37:24'),
(105, 105, 1, 1, 0, 0, 1, 1, '2022-09-03 05:37:24', '2022-09-03 05:37:24'),
(106, 106, 0, 1, 1, 1, 1, 1, '2022-09-03 05:37:24', '2022-09-03 05:37:24'),
(107, 107, 1, 1, 0, 0, 0, 1, '2022-09-03 05:37:24', '2022-09-03 05:37:24'),
(108, 108, 1, 0, 1, 0, 1, 0, '2022-09-03 05:37:24', '2022-09-03 05:37:24'),
(109, 109, 1, 0, 1, 1, 1, 0, '2022-09-03 05:37:24', '2022-09-03 05:37:24'),
(110, 110, 1, 1, 1, 0, 0, 1, '2022-09-03 05:37:24', '2022-09-03 05:37:24'),
(111, 111, 0, 1, 0, 0, 1, 0, '2022-09-03 05:37:24', '2022-09-03 05:37:24'),
(112, 112, 0, 0, 0, 0, 0, 0, '2022-09-03 05:37:24', '2022-09-03 05:37:24'),
(113, 113, 0, 0, 1, 0, 1, 0, '2022-09-03 05:37:24', '2022-09-03 05:37:24'),
(114, 114, 1, 1, 0, 0, 0, 0, '2022-09-03 05:37:24', '2022-09-03 05:37:24'),
(115, 115, 0, 0, 0, 0, 0, 1, '2022-09-03 05:37:24', '2022-09-03 05:37:24'),
(116, 116, 0, 0, 0, 0, 1, 0, '2022-09-03 05:37:25', '2022-09-03 05:37:25'),
(117, 117, 0, 0, 1, 0, 1, 1, '2022-09-03 05:37:25', '2022-09-03 05:37:25'),
(118, 119, 1, 1, 1, 1, 1, 1, '2022-09-07 01:02:43', '2022-09-07 01:02:43'),
(119, 120, 1, 1, 1, 1, 1, 1, '2022-09-07 01:32:20', '2022-09-07 01:32:20'),
(120, 121, 1, 1, 0, 0, 1, 1, '2022-09-07 04:21:20', '2022-09-07 04:21:20'),
(121, 122, 1, 1, 1, 1, 1, 1, '2022-09-07 22:57:11', '2022-09-07 22:57:11'),
(122, 123, 1, 1, 0, 1, 1, 1, '2022-09-07 23:00:17', '2022-09-08 04:12:23'),
(123, 124, 0, 0, 1, 1, 1, 1, '2022-09-07 23:17:23', '2022-09-07 23:17:23'),
(124, 125, 1, 1, 1, 1, 1, 1, '2022-09-08 07:04:44', '2022-09-08 07:04:44'),
(125, 126, 1, 0, 1, 1, 1, 1, '2022-11-06 05:51:42', '2022-11-06 05:51:42'),
(126, 127, 1, 0, 1, 1, 1, 1, '2022-11-06 06:00:56', '2022-11-06 06:00:56'),
(127, 128, 1, 0, 1, 1, 1, 1, '2022-11-06 06:01:50', '2022-11-06 06:01:50'),
(128, 129, 1, 0, 1, 1, 1, 1, '2022-11-13 04:31:18', '2022-11-13 04:31:18');

-- --------------------------------------------------------

--
-- Table structure for table `failed_jobs`
--

CREATE TABLE `failed_jobs` (
  `id` bigint UNSIGNED NOT NULL,
  `uuid` varchar(255) COLLATE utf8mb4_unicode_ci NOT NULL,
  `connection` text COLLATE utf8mb4_unicode_ci NOT NULL,
  `queue` text COLLATE utf8mb4_unicode_ci NOT NULL,
  `payload` longtext COLLATE utf8mb4_unicode_ci NOT NULL,
  `exception` longtext COLLATE utf8mb4_unicode_ci NOT NULL,
  `failed_at` timestamp NOT NULL DEFAULT CURRENT_TIMESTAMP
) ENGINE=InnoDB DEFAULT CHARSET=utf8mb4 COLLATE=utf8mb4_unicode_ci;

-- --------------------------------------------------------

--
-- Table structure for table `favorites`
--

CREATE TABLE `favorites` (
  `id` bigint UNSIGNED NOT NULL,
  `customer_id` bigint UNSIGNED NOT NULL,
  `rent_id` bigint UNSIGNED NOT NULL,
  `created_at` timestamp NULL DEFAULT NULL,
  `updated_at` timestamp NULL DEFAULT NULL
) ENGINE=InnoDB DEFAULT CHARSET=utf8mb4 COLLATE=utf8mb4_unicode_ci;

--
-- Dumping data for table `favorites`
--

INSERT INTO `favorites` (`id`, `customer_id`, `rent_id`, `created_at`, `updated_at`) VALUES
(1, 1, 91, '2022-09-03 05:37:25', NULL),
(2, 2, 18, '2022-09-03 05:37:25', NULL),
(3, 3, 56, '2022-09-03 05:37:25', NULL),
(4, 4, 44, '2022-09-03 05:37:25', NULL),
(5, 5, 73, '2022-09-03 05:37:25', NULL),
(6, 6, 55, '2022-09-03 05:37:25', NULL),
(7, 7, 26, '2022-09-03 05:37:25', NULL),
(8, 8, 87, '2022-09-03 05:37:25', NULL),
(9, 9, 68, '2022-09-03 05:37:25', NULL),
(10, 10, 22, '2022-09-03 05:37:25', NULL),
(11, 11, 5, '2022-09-03 05:37:25', NULL),
(12, 12, 10, '2022-09-03 05:37:25', NULL),
(13, 13, 60, '2022-09-03 05:37:25', NULL),
(14, 14, 69, '2022-09-03 05:37:25', NULL),
(15, 15, 93, '2022-09-03 05:37:25', NULL),
(18, 16, 114, '2022-09-07 04:33:51', '2022-09-07 04:33:51'),
(21, 16, 117, '2022-09-07 06:25:20', '2022-09-07 06:25:20'),
(25, 16, 7, '2022-09-07 06:58:57', '2022-09-07 06:58:57'),
(27, 16, 5, '2022-09-11 05:00:58', '2022-09-11 05:00:58'),
(32, 17, 129, '2022-11-13 05:15:55', '2022-11-13 05:15:55');

-- --------------------------------------------------------

--
-- Table structure for table `for_rents`
--

CREATE TABLE `for_rents` (
  `id` bigint UNSIGNED NOT NULL,
  `rent_id` bigint UNSIGNED NOT NULL,
  `male_student` tinyint(1) NOT NULL DEFAULT '0',
  `female_student` tinyint(1) NOT NULL DEFAULT '0',
  `man_job` tinyint(1) NOT NULL DEFAULT '0',
  `women_job` tinyint(1) NOT NULL DEFAULT '0',
  `any` tinyint(1) NOT NULL DEFAULT '0',
  `created_at` timestamp NULL DEFAULT NULL,
  `updated_at` timestamp NULL DEFAULT NULL
) ENGINE=InnoDB DEFAULT CHARSET=utf8mb4 COLLATE=utf8mb4_unicode_ci;

--
-- Dumping data for table `for_rents`
--

INSERT INTO `for_rents` (`id`, `rent_id`, `male_student`, `female_student`, `man_job`, `women_job`, `any`, `created_at`, `updated_at`) VALUES
(1, 1, 1, 0, 1, 0, 1, '2022-09-03 05:37:14', '2022-09-03 05:37:14'),
(2, 2, 0, 1, 1, 0, 1, '2022-09-03 05:37:14', '2022-09-03 05:37:14'),
(3, 3, 0, 0, 0, 0, 0, '2022-09-03 05:37:15', '2022-09-03 05:37:15'),
(4, 4, 1, 0, 1, 1, 0, '2022-09-03 05:37:15', '2022-09-03 05:37:15'),
(5, 5, 0, 0, 0, 1, 1, '2022-09-03 05:37:15', '2022-09-03 05:37:15'),
(6, 6, 0, 0, 1, 1, 0, '2022-09-03 05:37:15', '2022-09-03 05:37:15'),
(7, 7, 0, 0, 1, 0, 1, '2022-09-03 05:37:15', '2022-09-03 05:37:15'),
(8, 8, 0, 1, 0, 0, 0, '2022-09-03 05:37:15', '2022-09-03 05:37:15'),
(9, 9, 0, 1, 1, 1, 1, '2022-09-03 05:37:15', '2022-09-03 05:37:15'),
(10, 10, 0, 0, 0, 0, 1, '2022-09-03 05:37:15', '2022-09-03 05:37:15'),
(11, 11, 0, 1, 0, 0, 1, '2022-09-03 05:37:15', '2022-09-03 05:37:15'),
(12, 12, 1, 1, 1, 1, 0, '2022-09-03 05:37:15', '2022-09-03 05:37:15'),
(13, 13, 1, 0, 0, 1, 1, '2022-09-03 05:37:15', '2022-09-03 05:37:15'),
(14, 14, 0, 0, 0, 1, 0, '2022-09-03 05:37:16', '2022-09-03 05:37:16'),
(15, 15, 0, 1, 0, 1, 1, '2022-09-03 05:37:16', '2022-09-03 05:37:16'),
(16, 16, 1, 1, 0, 0, 0, '2022-09-03 05:37:16', '2022-09-03 05:37:16'),
(17, 17, 0, 0, 1, 1, 1, '2022-09-03 05:37:16', '2022-09-03 05:37:16'),
(18, 18, 1, 0, 1, 1, 0, '2022-09-03 05:37:16', '2022-09-03 05:37:16'),
(19, 19, 0, 1, 1, 0, 0, '2022-09-03 05:37:16', '2022-09-03 05:37:16'),
(20, 20, 1, 0, 1, 1, 0, '2022-09-03 05:37:16', '2022-09-03 05:37:16'),
(21, 21, 0, 0, 0, 1, 0, '2022-09-03 05:37:16', '2022-09-03 05:37:16'),
(22, 22, 0, 0, 1, 0, 1, '2022-09-03 05:37:16', '2022-09-03 05:37:16'),
(23, 23, 0, 0, 0, 1, 1, '2022-09-03 05:37:16', '2022-09-03 05:37:16'),
(24, 24, 0, 0, 1, 0, 0, '2022-09-03 05:37:16', '2022-09-03 05:37:16'),
(25, 25, 0, 1, 1, 0, 0, '2022-09-03 05:37:17', '2022-09-03 05:37:17'),
(26, 26, 1, 1, 1, 0, 1, '2022-09-03 05:37:17', '2022-09-03 05:37:17'),
(27, 27, 0, 0, 0, 0, 0, '2022-09-03 05:37:17', '2022-09-03 05:37:17'),
(28, 28, 1, 0, 1, 0, 0, '2022-09-03 05:37:17', '2022-09-03 05:37:17'),
(29, 29, 1, 0, 1, 0, 0, '2022-09-03 05:37:17', '2022-09-03 05:37:17'),
(30, 30, 0, 0, 1, 1, 0, '2022-09-03 05:37:17', '2022-09-03 05:37:17'),
(31, 31, 0, 1, 0, 1, 0, '2022-09-03 05:37:17', '2022-09-03 05:37:17'),
(32, 32, 1, 0, 1, 0, 1, '2022-09-03 05:37:17', '2022-09-03 05:37:17'),
(33, 33, 1, 0, 0, 0, 0, '2022-09-03 05:37:17', '2022-09-03 05:37:17'),
(34, 34, 0, 1, 1, 1, 0, '2022-09-03 05:37:17', '2022-09-03 05:37:17'),
(35, 35, 1, 0, 0, 0, 0, '2022-09-03 05:37:17', '2022-09-03 05:37:17'),
(36, 36, 1, 1, 0, 1, 0, '2022-09-03 05:37:17', '2022-09-03 05:37:17'),
(37, 37, 0, 0, 0, 1, 0, '2022-09-03 05:37:18', '2022-09-03 05:37:18'),
(38, 38, 1, 0, 0, 0, 0, '2022-09-03 05:37:18', '2022-09-03 05:37:18'),
(39, 39, 0, 1, 0, 0, 0, '2022-09-03 05:37:18', '2022-09-03 05:37:18'),
(40, 40, 0, 1, 0, 0, 0, '2022-09-03 05:37:18', '2022-09-03 05:37:18'),
(41, 41, 1, 1, 1, 0, 1, '2022-09-03 05:37:18', '2022-09-03 05:37:18'),
(42, 42, 1, 1, 1, 0, 0, '2022-09-03 05:37:18', '2022-09-03 05:37:18'),
(43, 43, 0, 0, 0, 1, 0, '2022-09-03 05:37:18', '2022-09-03 05:37:18'),
(44, 44, 1, 0, 1, 1, 0, '2022-09-03 05:37:18', '2022-09-03 05:37:18'),
(45, 45, 1, 0, 0, 0, 0, '2022-09-03 05:37:18', '2022-09-03 05:37:18'),
(46, 46, 0, 1, 1, 1, 0, '2022-09-03 05:37:18', '2022-09-03 05:37:18'),
(47, 47, 1, 0, 0, 1, 1, '2022-09-03 05:37:18', '2022-09-03 05:37:18'),
(48, 48, 1, 0, 1, 1, 1, '2022-09-03 05:37:19', '2022-09-03 05:37:19'),
(49, 49, 0, 1, 1, 1, 0, '2022-09-03 05:37:19', '2022-09-03 05:37:19'),
(50, 50, 1, 0, 0, 0, 1, '2022-09-03 05:37:19', '2022-09-03 05:37:19'),
(51, 51, 1, 0, 1, 0, 1, '2022-09-03 05:37:19', '2022-09-03 05:37:19'),
(52, 52, 0, 1, 0, 0, 0, '2022-09-03 05:37:19', '2022-09-03 05:37:19'),
(53, 53, 1, 0, 1, 0, 0, '2022-09-03 05:37:19', '2022-09-03 05:37:19'),
(54, 54, 1, 1, 1, 1, 1, '2022-09-03 05:37:19', '2022-09-03 05:37:19'),
(55, 55, 0, 1, 1, 1, 1, '2022-09-03 05:37:19', '2022-09-03 05:37:19'),
(56, 56, 0, 1, 1, 0, 1, '2022-09-03 05:37:19', '2022-09-03 05:37:19'),
(57, 57, 0, 1, 1, 0, 0, '2022-09-03 05:37:19', '2022-09-03 05:37:19'),
(58, 58, 0, 1, 0, 0, 1, '2022-09-03 05:37:19', '2022-09-03 05:37:19'),
(59, 59, 1, 0, 0, 1, 1, '2022-09-03 05:37:20', '2022-09-03 05:37:20'),
(60, 60, 0, 1, 1, 0, 0, '2022-09-03 05:37:20', '2022-09-03 05:37:20'),
(61, 61, 1, 0, 0, 1, 0, '2022-09-03 05:37:20', '2022-09-03 05:37:20'),
(62, 62, 0, 0, 1, 0, 1, '2022-09-03 05:37:20', '2022-09-03 05:37:20'),
(63, 63, 1, 1, 1, 0, 0, '2022-09-03 05:37:20', '2022-09-03 05:37:20'),
(64, 64, 1, 0, 0, 1, 1, '2022-09-03 05:37:20', '2022-09-03 05:37:20'),
(65, 65, 1, 0, 0, 0, 1, '2022-09-03 05:37:20', '2022-09-03 05:37:20'),
(66, 66, 1, 1, 0, 0, 1, '2022-09-03 05:37:20', '2022-09-03 05:37:20'),
(67, 67, 1, 0, 1, 1, 1, '2022-09-03 05:37:20', '2022-09-03 05:37:20'),
(68, 68, 1, 1, 1, 1, 1, '2022-09-03 05:37:20', '2022-09-03 05:37:20'),
(69, 69, 1, 0, 1, 1, 1, '2022-09-03 05:37:20', '2022-09-03 05:37:20'),
(70, 70, 0, 0, 0, 0, 1, '2022-09-03 05:37:20', '2022-09-03 05:37:20'),
(71, 71, 1, 0, 1, 1, 0, '2022-09-03 05:37:21', '2022-09-03 05:37:21'),
(72, 72, 0, 0, 0, 1, 1, '2022-09-03 05:37:21', '2022-09-03 05:37:21'),
(73, 73, 0, 0, 0, 0, 1, '2022-09-03 05:37:21', '2022-09-03 05:37:21'),
(74, 74, 1, 1, 1, 1, 1, '2022-09-03 05:37:21', '2022-09-03 05:37:21'),
(75, 75, 1, 0, 1, 1, 0, '2022-09-03 05:37:21', '2022-09-03 05:37:21'),
(76, 76, 1, 1, 0, 1, 0, '2022-09-03 05:37:21', '2022-09-03 05:37:21'),
(77, 77, 0, 0, 0, 0, 1, '2022-09-03 05:37:21', '2022-09-03 05:37:21'),
(78, 78, 1, 0, 1, 0, 0, '2022-09-03 05:37:21', '2022-09-03 05:37:21'),
(79, 79, 0, 1, 0, 1, 1, '2022-09-03 05:37:21', '2022-09-03 05:37:21'),
(80, 80, 1, 0, 1, 0, 0, '2022-09-03 05:37:21', '2022-09-03 05:37:21'),
(81, 81, 0, 0, 1, 0, 1, '2022-09-03 05:37:21', '2022-09-03 05:37:21'),
(82, 82, 0, 1, 1, 0, 0, '2022-09-03 05:37:22', '2022-09-03 05:37:22'),
(83, 83, 1, 0, 1, 1, 0, '2022-09-03 05:37:22', '2022-09-03 05:37:22'),
(84, 84, 0, 1, 1, 0, 0, '2022-09-03 05:37:22', '2022-09-03 05:37:22'),
(85, 85, 0, 0, 1, 1, 1, '2022-09-03 05:37:22', '2022-09-03 05:37:22'),
(86, 86, 0, 0, 1, 0, 1, '2022-09-03 05:37:22', '2022-09-03 05:37:22'),
(87, 87, 0, 0, 0, 0, 1, '2022-09-03 05:37:22', '2022-09-03 05:37:22'),
(88, 88, 1, 1, 0, 0, 1, '2022-09-03 05:37:22', '2022-09-03 05:37:22'),
(89, 89, 0, 1, 1, 0, 0, '2022-09-03 05:37:22', '2022-09-03 05:37:22'),
(90, 90, 1, 0, 0, 1, 0, '2022-09-03 05:37:22', '2022-09-03 05:37:22'),
(91, 91, 0, 0, 1, 1, 0, '2022-09-03 05:37:22', '2022-09-03 05:37:22'),
(92, 92, 1, 0, 1, 1, 0, '2022-09-03 05:37:22', '2022-09-03 05:37:22'),
(93, 93, 1, 0, 0, 0, 1, '2022-09-03 05:37:23', '2022-09-03 05:37:23'),
(94, 94, 1, 1, 1, 1, 0, '2022-09-03 05:37:23', '2022-09-03 05:37:23'),
(95, 95, 0, 1, 1, 1, 1, '2022-09-03 05:37:23', '2022-09-03 05:37:23'),
(96, 96, 0, 1, 0, 1, 0, '2022-09-03 05:37:23', '2022-09-03 05:37:23'),
(97, 97, 1, 1, 1, 0, 0, '2022-09-03 05:37:23', '2022-09-03 05:37:23'),
(98, 98, 0, 1, 1, 0, 0, '2022-09-03 05:37:23', '2022-09-03 05:37:23'),
(99, 99, 1, 0, 1, 0, 0, '2022-09-03 05:37:23', '2022-09-03 05:37:23'),
(100, 100, 0, 0, 0, 0, 0, '2022-09-03 05:37:23', '2022-09-03 05:37:23'),
(101, 101, 1, 0, 1, 0, 0, '2022-09-03 05:37:23', '2022-09-03 05:37:23'),
(102, 102, 1, 0, 1, 1, 0, '2022-09-03 05:37:23', '2022-09-03 05:37:23'),
(103, 103, 1, 0, 0, 0, 1, '2022-09-03 05:37:23', '2022-09-03 05:37:23'),
(104, 104, 0, 1, 0, 1, 0, '2022-09-03 05:37:24', '2022-09-03 05:37:24'),
(105, 105, 0, 0, 1, 1, 0, '2022-09-03 05:37:24', '2022-09-03 05:37:24'),
(106, 106, 1, 0, 0, 1, 1, '2022-09-03 05:37:24', '2022-09-03 05:37:24'),
(107, 107, 1, 0, 1, 0, 1, '2022-09-03 05:37:24', '2022-09-03 05:37:24'),
(108, 108, 0, 1, 0, 0, 0, '2022-09-03 05:37:24', '2022-09-03 05:37:24'),
(109, 109, 0, 1, 0, 0, 0, '2022-09-03 05:37:24', '2022-09-03 05:37:24'),
(110, 110, 1, 1, 0, 0, 1, '2022-09-03 05:37:24', '2022-09-03 05:37:24'),
(111, 111, 0, 1, 0, 0, 1, '2022-09-03 05:37:24', '2022-09-03 05:37:24'),
(112, 112, 0, 1, 0, 1, 0, '2022-09-03 05:37:24', '2022-09-03 05:37:24'),
(113, 113, 0, 1, 1, 1, 1, '2022-09-03 05:37:24', '2022-09-03 05:37:24'),
(114, 114, 0, 1, 1, 1, 1, '2022-09-03 05:37:24', '2022-09-03 05:37:24'),
(115, 115, 1, 0, 0, 1, 1, '2022-09-03 05:37:24', '2022-09-03 05:37:24'),
(116, 116, 1, 0, 0, 0, 0, '2022-09-03 05:37:25', '2022-09-03 05:37:25'),
(117, 117, 0, 0, 1, 1, 1, '2022-09-03 05:37:25', '2022-09-03 05:37:25'),
(118, 119, 1, 1, 1, 1, 1, '2022-09-07 01:02:43', '2022-09-07 01:02:43'),
(119, 120, 1, 1, 1, 0, 1, '2022-09-07 01:32:20', '2022-09-07 01:32:20'),
(120, 121, 1, 1, 1, 1, 1, '2022-09-07 04:21:20', '2022-09-07 04:21:20'),
(121, 122, 1, 1, 1, 1, 1, '2022-09-07 22:57:11', '2022-09-07 22:57:11'),
(122, 123, 0, 0, 0, 0, 1, '2022-09-07 23:00:17', '2022-09-07 23:00:17'),
(123, 124, 1, 0, 1, 0, 1, '2022-09-07 23:17:23', '2022-09-08 06:13:58'),
(124, 125, 0, 0, 0, 0, 1, '2022-09-08 07:04:44', '2022-09-08 07:04:44'),
(125, 126, 1, 1, 0, 0, 0, '2022-11-06 05:51:42', '2022-11-06 05:51:42'),
(126, 127, 1, 1, 0, 0, 0, '2022-11-06 06:00:56', '2022-11-06 06:00:56'),
(127, 128, 1, 1, 0, 0, 0, '2022-11-06 06:01:50', '2022-11-06 06:01:50'),
(128, 129, 1, 1, 0, 0, 0, '2022-11-13 04:31:18', '2022-11-13 04:31:18');

-- --------------------------------------------------------

--
-- Table structure for table `media`
--

CREATE TABLE `media` (
  `id` bigint UNSIGNED NOT NULL,
  `type` enum('image','audio','video','pdf','docs','excel','other') COLLATE utf8mb4_unicode_ci NOT NULL,
  `name` varchar(255) COLLATE utf8mb4_unicode_ci NOT NULL,
  `src` longtext COLLATE utf8mb4_unicode_ci NOT NULL,
  `path` varchar(255) COLLATE utf8mb4_unicode_ci NOT NULL,
  `extension` enum('jpg','jpeg','png','svg','gif','mp4','pdf','flv','avi','webm','mkv','mpeg-4, mov') COLLATE utf8mb4_unicode_ci NOT NULL,
  `description` longtext COLLATE utf8mb4_unicode_ci,
  `created_at` timestamp NULL DEFAULT NULL,
  `updated_at` timestamp NULL DEFAULT NULL
) ENGINE=InnoDB DEFAULT CHARSET=utf8mb4 COLLATE=utf8mb4_unicode_ci;

--
-- Dumping data for table `media`
--

INSERT INTO `media` (`id`, `type`, `name`, `src`, `path`, `extension`, `description`, `created_at`, `updated_at`) VALUES
(1, 'image', 'tenetur', 'images/dummy/dummy-user.png', 'images/dummy/', 'png', 'Tempora quaerat qui illum voluptatum nihil dolores ipsum voluptatibus.', '2022-09-03 05:37:13', '2022-09-03 05:37:13'),
(2, 'image', 'voluptatibus', 'images/dummy/dummy-user.png', 'images/dummy/', 'png', 'Aut quia magnam voluptas dolores veritatis aliquid inventore rerum.', '2022-09-03 05:37:13', '2022-09-03 05:37:13'),
(3, 'image', 'laboriosam', 'images/dummy/dummy-user.png', 'images/dummy/', 'png', 'Repellendus dolores sed et et.', '2022-09-03 05:37:13', '2022-09-03 05:37:13'),
(4, 'image', 'officiis', 'images/dummy/dummy-user.png', 'images/dummy/', 'png', 'Hic adipisci vel at nostrum velit.', '2022-09-03 05:37:13', '2022-09-03 05:37:13'),
(5, 'image', 'nulla', 'images/dummy/dummy-user.png', 'images/dummy/', 'png', 'Voluptas non ad rerum porro vero itaque possimus quasi.', '2022-09-03 05:37:13', '2022-09-03 05:37:13'),
(6, 'image', 'adipisci', 'images/dummy/dummy-user.png', 'images/dummy/', 'png', 'Nihil quam quam amet quibusdam neque voluptatibus saepe.', '2022-09-03 05:37:13', '2022-09-03 05:37:13'),
(7, 'image', 'sit', 'images/dummy/dummy-user.png', 'images/dummy/', 'png', 'Fuga odio sed et eos veniam.', '2022-09-03 05:37:13', '2022-09-03 05:37:13'),
(8, 'image', 'in', 'images/dummy/dummy-user.png', 'images/dummy/', 'png', 'Rem consequatur magnam ut amet fuga rerum doloremque.', '2022-09-03 05:37:13', '2022-09-03 05:37:13'),
(9, 'image', 'tempore', 'images/dummy/dummy-user.png', 'images/dummy/', 'png', 'Velit ex reprehenderit voluptatem dicta.', '2022-09-03 05:37:13', '2022-09-03 05:37:13'),
(10, 'image', 'debitis', 'images/dummy/dummy-user.png', 'images/dummy/', 'png', 'Dolor ab rem sed nam.', '2022-09-03 05:37:13', '2022-09-03 05:37:13'),
(11, 'image', 'quia', 'images/dummy/dummy-user.png', 'images/dummy/', 'png', 'Qui molestias vel aut.', '2022-09-03 05:37:13', '2022-09-03 05:37:13'),
(12, 'image', 'dolor', 'images/dummy/dummy-user.png', 'images/dummy/', 'png', 'Id fugiat occaecati modi aliquam nisi ipsa quas.', '2022-09-03 05:37:13', '2022-09-03 05:37:13'),
(13, 'image', 'soluta', 'images/dummy/dummy-user.png', 'images/dummy/', 'png', 'Maxime omnis libero explicabo ut unde.', '2022-09-03 05:37:13', '2022-09-03 05:37:13'),
(14, 'image', 'enim', 'images/dummy/dummy-user.png', 'images/dummy/', 'png', 'Culpa maxime laudantium sit debitis recusandae et eum.', '2022-09-03 05:37:13', '2022-09-03 05:37:13'),
(15, 'image', 'est', 'images/dummy/dummy-user.png', 'images/dummy/', 'png', 'Eius harum officiis consequatur quae non nihil.', '2022-09-03 05:37:14', '2022-09-03 05:37:14'),
(16, 'image', 'perspiciatis', 'images/dummy/dummy-user.png', 'images/dummy/', 'png', 'Molestiae eos totam corporis perferendis nemo.', '2022-09-03 05:37:14', '2022-09-03 05:37:14'),
(17, 'image', 'quam', 'images/dummy/dummy-user.png', 'images/dummy/', 'png', 'Qui iure eligendi provident.', '2022-09-03 05:37:14', '2022-09-03 05:37:14'),
(18, 'image', 'veritatis', 'images/dummy/dummy-user.png', 'images/dummy/', 'png', 'Consequuntur cum qui dolor harum error quia.', '2022-09-03 05:37:14', '2022-09-03 05:37:14'),
(19, 'image', 'quas', 'images/dummy/dummy-user.png', 'images/dummy/', 'png', 'Voluptatibus ab voluptatem repellendus iusto est.', '2022-09-03 05:37:14', '2022-09-03 05:37:14'),
(20, 'image', 'et', 'images/dummy/dummy-user.png', 'images/dummy/', 'png', 'Est harum a minima qui qui aut.', '2022-09-03 05:37:14', '2022-09-03 05:37:14'),
(21, 'image', 'sed', 'images/dummy/dummy-user.png', 'images/dummy/', 'png', 'Qui sed blanditiis error porro praesentium.', '2022-09-03 05:37:14', '2022-09-03 05:37:14'),
(22, 'image', 'est', 'images/dummy/dummy-user.png', 'images/dummy/', 'png', 'Voluptatem ad sit voluptatem omnis.', '2022-09-03 05:37:15', '2022-09-03 05:37:15'),
(23, 'image', 'quia', 'images/dummy/dummy-user.png', 'images/dummy/', 'png', 'Eum laborum laudantium ea voluptatem assumenda.', '2022-09-03 05:37:15', '2022-09-03 05:37:15'),
(24, 'image', 'et', 'images/dummy/dummy-user.png', 'images/dummy/', 'png', 'Qui ipsam voluptas sapiente eum.', '2022-09-03 05:37:15', '2022-09-03 05:37:15'),
(25, 'image', 'iure', 'images/dummy/dummy-user.png', 'images/dummy/', 'png', 'Laboriosam nihil dolorem et sit culpa vel.', '2022-09-03 05:37:15', '2022-09-03 05:37:15'),
(26, 'image', 'quo', 'images/dummy/dummy-user.png', 'images/dummy/', 'png', 'Eveniet velit asperiores ab nihil.', '2022-09-03 05:37:15', '2022-09-03 05:37:15'),
(27, 'image', 'officiis', 'images/dummy/dummy-user.png', 'images/dummy/', 'png', 'Temporibus dolores corrupti odit eum qui.', '2022-09-03 05:37:15', '2022-09-03 05:37:15'),
(28, 'image', 'sequi', 'images/dummy/dummy-user.png', 'images/dummy/', 'png', 'Reprehenderit impedit perferendis non hic ea animi ut.', '2022-09-03 05:37:15', '2022-09-03 05:37:15'),
(29, 'image', 'modi', 'images/dummy/dummy-user.png', 'images/dummy/', 'png', 'Sit odit quis qui optio voluptatem consectetur laboriosam.', '2022-09-03 05:37:15', '2022-09-03 05:37:15'),
(30, 'image', 'nihil', 'images/dummy/dummy-user.png', 'images/dummy/', 'png', 'Enim veritatis aut veniam sunt velit.', '2022-09-03 05:37:15', '2022-09-03 05:37:15'),
(31, 'image', 'omnis', 'images/dummy/dummy-user.png', 'images/dummy/', 'png', 'Iste rerum sit harum minus quis odio quisquam.', '2022-09-03 05:37:15', '2022-09-03 05:37:15'),
(32, 'image', 'numquam', 'images/dummy/dummy-user.png', 'images/dummy/', 'png', 'Consectetur corporis odio error et et earum.', '2022-09-03 05:37:15', '2022-09-03 05:37:15'),
(33, 'image', 'similique', 'images/dummy/dummy-user.png', 'images/dummy/', 'png', 'Accusamus et sit rem dolorem consequuntur dolores quis.', '2022-09-03 05:37:15', '2022-09-03 05:37:15'),
(34, 'image', 'et', 'images/dummy/dummy-user.png', 'images/dummy/', 'png', 'Repellat maiores doloribus omnis.', '2022-09-03 05:37:15', '2022-09-03 05:37:15'),
(35, 'image', 'beatae', 'images/dummy/dummy-user.png', 'images/dummy/', 'png', 'Earum et tenetur harum eligendi.', '2022-09-03 05:37:15', '2022-09-03 05:37:15'),
(36, 'image', 'totam', 'images/dummy/dummy-user.png', 'images/dummy/', 'png', 'Officia laboriosam aut quas nam.', '2022-09-03 05:37:15', '2022-09-03 05:37:15'),
(37, 'image', 'officia', 'images/dummy/dummy-user.png', 'images/dummy/', 'png', 'Possimus odio incidunt sequi eos autem excepturi officia.', '2022-09-03 05:37:15', '2022-09-03 05:37:15'),
(38, 'image', 'repellendus', 'images/dummy/dummy-user.png', 'images/dummy/', 'png', 'Dignissimos nemo molestias laborum non sunt voluptatem et consequatur.', '2022-09-03 05:37:15', '2022-09-03 05:37:15'),
(39, 'image', 'suscipit', 'images/dummy/dummy-user.png', 'images/dummy/', 'png', 'Non quasi excepturi in sed aut in.', '2022-09-03 05:37:15', '2022-09-03 05:37:15'),
(40, 'image', 'qui', 'images/dummy/dummy-user.png', 'images/dummy/', 'png', 'Ratione similique sint ipsam error officia qui.', '2022-09-03 05:37:15', '2022-09-03 05:37:15'),
(41, 'image', 'et', 'images/dummy/dummy-user.png', 'images/dummy/', 'png', 'Eveniet qui optio nihil quam quam magni.', '2022-09-03 05:37:15', '2022-09-03 05:37:15'),
(42, 'image', 'facere', 'images/dummy/dummy-user.png', 'images/dummy/', 'png', 'Perferendis et ut suscipit ut et.', '2022-09-03 05:37:15', '2022-09-03 05:37:15'),
(43, 'image', 'earum', 'images/dummy/dummy-user.png', 'images/dummy/', 'png', 'Minus voluptatem error nulla reiciendis et at quia.', '2022-09-03 05:37:15', '2022-09-03 05:37:15'),
(44, 'image', 'at', 'images/dummy/dummy-user.png', 'images/dummy/', 'png', 'Inventore deleniti ullam odio est eligendi est.', '2022-09-03 05:37:15', '2022-09-03 05:37:15'),
(45, 'image', 'doloremque', 'images/dummy/dummy-user.png', 'images/dummy/', 'png', 'Architecto consequuntur laborum corporis ipsa.', '2022-09-03 05:37:15', '2022-09-03 05:37:15'),
(46, 'image', 'excepturi', 'images/dummy/dummy-user.png', 'images/dummy/', 'png', 'Asperiores ex asperiores aut quod cumque necessitatibus.', '2022-09-03 05:37:15', '2022-09-03 05:37:15'),
(47, 'image', 'in', 'images/dummy/dummy-user.png', 'images/dummy/', 'png', 'Molestiae totam alias quas.', '2022-09-03 05:37:15', '2022-09-03 05:37:15'),
(48, 'image', 'similique', 'images/dummy/dummy-user.png', 'images/dummy/', 'png', 'Qui laudantium ut illum.', '2022-09-03 05:37:15', '2022-09-03 05:37:15'),
(49, 'image', 'a', 'images/dummy/dummy-user.png', 'images/dummy/', 'png', 'Numquam esse incidunt eum eos.', '2022-09-03 05:37:15', '2022-09-03 05:37:15'),
(50, 'image', 'autem', 'images/dummy/dummy-user.png', 'images/dummy/', 'png', 'Est quaerat dignissimos ut aut autem.', '2022-09-03 05:37:15', '2022-09-03 05:37:15'),
(51, 'image', 'eum', 'images/dummy/dummy-user.png', 'images/dummy/', 'png', 'Est molestiae tempore commodi voluptatibus ipsam.', '2022-09-03 05:37:15', '2022-09-03 05:37:15'),
(52, 'image', 'consequatur', 'images/dummy/dummy-user.png', 'images/dummy/', 'png', 'Explicabo repellendus aut eaque doloremque harum.', '2022-09-03 05:37:15', '2022-09-03 05:37:15'),
(53, 'image', 'placeat', 'images/dummy/dummy-user.png', 'images/dummy/', 'png', 'Et autem soluta aliquid sequi totam.', '2022-09-03 05:37:15', '2022-09-03 05:37:15'),
(54, 'image', 'et', 'images/dummy/dummy-user.png', 'images/dummy/', 'png', 'Alias culpa ipsa iure laborum.', '2022-09-03 05:37:15', '2022-09-03 05:37:15'),
(55, 'image', 'consectetur', 'images/dummy/dummy-user.png', 'images/dummy/', 'png', 'Aliquam est officiis amet aut delectus libero.', '2022-09-03 05:37:15', '2022-09-03 05:37:15'),
(56, 'image', 'perferendis', 'images/dummy/dummy-user.png', 'images/dummy/', 'png', 'Enim ex et dicta nisi sint voluptatem eos.', '2022-09-03 05:37:15', '2022-09-03 05:37:15'),
(57, 'image', 'dolorem', 'images/dummy/dummy-user.png', 'images/dummy/', 'png', 'Odio nam iure occaecati.', '2022-09-03 05:37:15', '2022-09-03 05:37:15'),
(58, 'image', 'aliquam', 'images/dummy/dummy-user.png', 'images/dummy/', 'png', 'Et aliquam tempore numquam dolore amet.', '2022-09-03 05:37:15', '2022-09-03 05:37:15'),
(59, 'image', 'molestiae', 'images/dummy/dummy-user.png', 'images/dummy/', 'png', 'Eligendi ut repellat voluptates iusto.', '2022-09-03 05:37:15', '2022-09-03 05:37:15'),
(60, 'image', 'doloribus', 'images/dummy/dummy-user.png', 'images/dummy/', 'png', 'Optio quis aut sint modi.', '2022-09-03 05:37:15', '2022-09-03 05:37:15'),
(61, 'image', 'sed', 'images/dummy/dummy-user.png', 'images/dummy/', 'png', 'Temporibus ut placeat alias rem officia fugit maiores.', '2022-09-03 05:37:15', '2022-09-03 05:37:15'),
(62, 'image', 'dolores', 'images/dummy/dummy-user.png', 'images/dummy/', 'png', 'Fugit architecto non accusantium optio at deserunt occaecati error.', '2022-09-03 05:37:15', '2022-09-03 05:37:15'),
(63, 'image', 'voluptates', 'images/dummy/dummy-user.png', 'images/dummy/', 'png', 'Minima explicabo id sint.', '2022-09-03 05:37:15', '2022-09-03 05:37:15'),
(64, 'image', 'qui', 'images/dummy/dummy-user.png', 'images/dummy/', 'png', 'Repellat expedita rerum ducimus qui qui accusamus eos.', '2022-09-03 05:37:15', '2022-09-03 05:37:15'),
(65, 'image', 'in', 'images/dummy/dummy-user.png', 'images/dummy/', 'png', 'Ab in aut et iusto eos aliquid dignissimos.', '2022-09-03 05:37:15', '2022-09-03 05:37:15'),
(66, 'image', 'sunt', 'images/dummy/dummy-user.png', 'images/dummy/', 'png', 'Veniam quia iusto et quis dolores.', '2022-09-03 05:37:15', '2022-09-03 05:37:15'),
(67, 'image', 'modi', 'images/dummy/dummy-user.png', 'images/dummy/', 'png', 'Deserunt assumenda blanditiis neque velit laboriosam aut cumque.', '2022-09-03 05:37:16', '2022-09-03 05:37:16'),
(68, 'image', 'in', 'images/dummy/dummy-user.png', 'images/dummy/', 'png', 'Ea delectus quo provident earum.', '2022-09-03 05:37:16', '2022-09-03 05:37:16'),
(69, 'image', 'tempora', 'images/dummy/dummy-user.png', 'images/dummy/', 'png', 'Fuga nostrum voluptatem quibusdam voluptatem et similique minima.', '2022-09-03 05:37:16', '2022-09-03 05:37:16'),
(70, 'image', 'voluptatem', 'images/dummy/dummy-user.png', 'images/dummy/', 'png', 'Nisi recusandae incidunt aut molestiae et assumenda ut.', '2022-09-03 05:37:16', '2022-09-03 05:37:16'),
(71, 'image', 'odit', 'images/dummy/dummy-user.png', 'images/dummy/', 'png', 'Minima officia sint aspernatur aliquid corrupti voluptatem qui.', '2022-09-03 05:37:16', '2022-09-03 05:37:16'),
(72, 'image', 'a', 'images/dummy/dummy-user.png', 'images/dummy/', 'png', 'Maxime odit veritatis iste aut explicabo reprehenderit magni.', '2022-09-03 05:37:16', '2022-09-03 05:37:16'),
(73, 'image', 'distinctio', 'images/dummy/dummy-user.png', 'images/dummy/', 'png', 'Aut in voluptatem veritatis commodi at neque.', '2022-09-03 05:37:16', '2022-09-03 05:37:16'),
(74, 'image', 'aut', 'images/dummy/dummy-user.png', 'images/dummy/', 'png', 'Quo provident ducimus sed esse sed rem.', '2022-09-03 05:37:16', '2022-09-03 05:37:16'),
(75, 'image', 'ratione', 'images/dummy/dummy-user.png', 'images/dummy/', 'png', 'Ut mollitia omnis facilis pariatur.', '2022-09-03 05:37:16', '2022-09-03 05:37:16'),
(76, 'image', 'eos', 'images/dummy/dummy-user.png', 'images/dummy/', 'png', 'Sunt ratione qui tempora accusantium nemo rerum.', '2022-09-03 05:37:16', '2022-09-03 05:37:16'),
(77, 'image', 'est', 'images/dummy/dummy-user.png', 'images/dummy/', 'png', 'Sint dolorem labore esse tempora.', '2022-09-03 05:37:16', '2022-09-03 05:37:16'),
(78, 'image', 'minima', 'images/dummy/dummy-user.png', 'images/dummy/', 'png', 'Quia rerum error expedita nam.', '2022-09-03 05:37:16', '2022-09-03 05:37:16'),
(79, 'image', 'est', 'images/dummy/dummy-user.png', 'images/dummy/', 'png', 'Enim animi voluptas reiciendis mollitia ullam et ratione.', '2022-09-03 05:37:16', '2022-09-03 05:37:16'),
(80, 'image', 'quia', 'images/dummy/dummy-user.png', 'images/dummy/', 'png', 'Quibusdam velit sit autem vitae et labore.', '2022-09-03 05:37:16', '2022-09-03 05:37:16'),
(81, 'image', 'quis', 'images/dummy/dummy-user.png', 'images/dummy/', 'png', 'Eligendi at cupiditate reiciendis nisi impedit.', '2022-09-03 05:37:16', '2022-09-03 05:37:16'),
(82, 'image', 'sit', 'images/dummy/dummy-user.png', 'images/dummy/', 'png', 'Delectus deleniti ut cupiditate.', '2022-09-03 05:37:16', '2022-09-03 05:37:16'),
(83, 'image', 'pariatur', 'images/dummy/dummy-user.png', 'images/dummy/', 'png', 'Excepturi et quo autem quod.', '2022-09-03 05:37:16', '2022-09-03 05:37:16'),
(84, 'image', 'illum', 'images/dummy/dummy-user.png', 'images/dummy/', 'png', 'Saepe doloremque hic dolor consequuntur natus qui sed.', '2022-09-03 05:37:16', '2022-09-03 05:37:16'),
(85, 'image', 'qui', 'images/dummy/dummy-user.png', 'images/dummy/', 'png', 'Provident explicabo repudiandae fugit minus.', '2022-09-03 05:37:16', '2022-09-03 05:37:16'),
(86, 'image', 'dolores', 'images/dummy/dummy-user.png', 'images/dummy/', 'png', 'Est ipsa vero vitae laudantium rerum ipsum.', '2022-09-03 05:37:16', '2022-09-03 05:37:16'),
(87, 'image', 'quis', 'images/dummy/dummy-user.png', 'images/dummy/', 'png', 'Nobis perferendis vitae eos sunt eaque deserunt libero.', '2022-09-03 05:37:16', '2022-09-03 05:37:16'),
(88, 'image', 'sed', 'images/dummy/dummy-user.png', 'images/dummy/', 'png', 'Totam accusantium et voluptas corrupti at quis.', '2022-09-03 05:37:16', '2022-09-03 05:37:16'),
(89, 'image', 'voluptates', 'images/dummy/dummy-user.png', 'images/dummy/', 'png', 'Doloribus dicta suscipit labore dolorum et sit.', '2022-09-03 05:37:16', '2022-09-03 05:37:16'),
(90, 'image', 'est', 'images/dummy/dummy-user.png', 'images/dummy/', 'png', 'Hic sit aliquid voluptatibus quo distinctio repellendus.', '2022-09-03 05:37:16', '2022-09-03 05:37:16'),
(91, 'image', 'sapiente', 'images/dummy/dummy-user.png', 'images/dummy/', 'png', 'Quia dolores mollitia corporis deserunt.', '2022-09-03 05:37:16', '2022-09-03 05:37:16'),
(92, 'image', 'qui', 'images/dummy/dummy-user.png', 'images/dummy/', 'png', 'Aut tempore quidem rerum aut.', '2022-09-03 05:37:16', '2022-09-03 05:37:16'),
(93, 'image', 'iure', 'images/dummy/dummy-user.png', 'images/dummy/', 'png', 'Voluptas ea facere est totam.', '2022-09-03 05:37:16', '2022-09-03 05:37:16'),
(94, 'image', 'qui', 'images/dummy/dummy-user.png', 'images/dummy/', 'png', 'Doloremque repudiandae odit numquam.', '2022-09-03 05:37:16', '2022-09-03 05:37:16'),
(95, 'image', 'et', 'images/dummy/dummy-user.png', 'images/dummy/', 'png', 'Id iste odit et.', '2022-09-03 05:37:16', '2022-09-03 05:37:16'),
(96, 'image', 'sed', 'images/dummy/dummy-user.png', 'images/dummy/', 'png', 'Debitis alias dolorem atque nemo non quo.', '2022-09-03 05:37:16', '2022-09-03 05:37:16'),
(97, 'image', 'amet', 'images/dummy/dummy-user.png', 'images/dummy/', 'png', 'Mollitia sequi quia et et neque.', '2022-09-03 05:37:16', '2022-09-03 05:37:16'),
(98, 'image', 'eos', 'images/dummy/dummy-user.png', 'images/dummy/', 'png', 'Id laboriosam aliquid voluptatum omnis voluptas minus qui.', '2022-09-03 05:37:16', '2022-09-03 05:37:16'),
(99, 'image', 'aliquam', 'images/dummy/dummy-user.png', 'images/dummy/', 'png', 'Sit atque debitis optio unde voluptas.', '2022-09-03 05:37:16', '2022-09-03 05:37:16'),
(100, 'image', 'id', 'images/dummy/dummy-user.png', 'images/dummy/', 'png', 'Doloremque quam nihil aut voluptatibus atque.', '2022-09-03 05:37:16', '2022-09-03 05:37:16'),
(101, 'image', 'facere', 'images/dummy/dummy-user.png', 'images/dummy/', 'png', 'Et aspernatur illo consequuntur nulla rerum necessitatibus.', '2022-09-03 05:37:16', '2022-09-03 05:37:16'),
(102, 'image', 'nihil', 'images/dummy/dummy-user.png', 'images/dummy/', 'png', 'Nihil est quis laborum reprehenderit sed quo impedit.', '2022-09-03 05:37:16', '2022-09-03 05:37:16'),
(103, 'image', 'facilis', 'images/dummy/dummy-user.png', 'images/dummy/', 'png', 'Modi voluptatem assumenda velit enim porro quas id.', '2022-09-03 05:37:16', '2022-09-03 05:37:16'),
(104, 'image', 'eligendi', 'images/dummy/dummy-user.png', 'images/dummy/', 'png', 'Dolorum voluptas recusandae qui atque voluptatem ipsum.', '2022-09-03 05:37:16', '2022-09-03 05:37:16'),
(105, 'image', 'minima', 'images/dummy/dummy-user.png', 'images/dummy/', 'png', 'Laborum aut inventore odit.', '2022-09-03 05:37:16', '2022-09-03 05:37:16'),
(106, 'image', 'possimus', 'images/dummy/dummy-user.png', 'images/dummy/', 'png', 'Dolorum minus aut est quaerat et illum autem incidunt.', '2022-09-03 05:37:16', '2022-09-03 05:37:16'),
(107, 'image', 'aut', 'images/dummy/dummy-user.png', 'images/dummy/', 'png', 'Eos fugit et eligendi quae.', '2022-09-03 05:37:16', '2022-09-03 05:37:16'),
(108, 'image', 'aut', 'images/dummy/dummy-user.png', 'images/dummy/', 'png', 'Ut eligendi et magni dolor.', '2022-09-03 05:37:16', '2022-09-03 05:37:16'),
(109, 'image', 'assumenda', 'images/dummy/dummy-user.png', 'images/dummy/', 'png', 'Ratione nesciunt repellat asperiores porro molestias nemo.', '2022-09-03 05:37:16', '2022-09-03 05:37:16'),
(110, 'image', 'reprehenderit', 'images/dummy/dummy-user.png', 'images/dummy/', 'png', 'Aut nemo sint provident tempora omnis.', '2022-09-03 05:37:16', '2022-09-03 05:37:16'),
(111, 'image', 'quaerat', 'images/dummy/dummy-user.png', 'images/dummy/', 'png', 'Quo inventore rerum aut nemo aut est.', '2022-09-03 05:37:16', '2022-09-03 05:37:16'),
(112, 'image', 'ut', 'images/dummy/dummy-user.png', 'images/dummy/', 'png', 'A fugiat quis dolore temporibus laudantium doloribus cumque.', '2022-09-03 05:37:16', '2022-09-03 05:37:16'),
(113, 'image', 'voluptatem', 'images/dummy/dummy-user.png', 'images/dummy/', 'png', 'Ut quod adipisci nesciunt dicta nulla debitis.', '2022-09-03 05:37:16', '2022-09-03 05:37:16'),
(114, 'image', 'sunt', 'images/dummy/dummy-user.png', 'images/dummy/', 'png', 'Odit saepe laboriosam ratione sunt.', '2022-09-03 05:37:17', '2022-09-03 05:37:17'),
(115, 'image', 'quia', 'images/dummy/dummy-user.png', 'images/dummy/', 'png', 'Numquam enim voluptatum corrupti iste.', '2022-09-03 05:37:17', '2022-09-03 05:37:17'),
(116, 'image', 'sint', 'images/dummy/dummy-user.png', 'images/dummy/', 'png', 'Harum in delectus praesentium eligendi quo.', '2022-09-03 05:37:17', '2022-09-03 05:37:17'),
(117, 'image', 'maxime', 'images/dummy/dummy-user.png', 'images/dummy/', 'png', 'Quo id fugiat quia saepe labore eaque voluptate tenetur.', '2022-09-03 05:37:17', '2022-09-03 05:37:17'),
(118, 'image', 'pariatur', 'images/dummy/dummy-user.png', 'images/dummy/', 'png', 'Eum fuga doloribus sunt soluta quia enim similique.', '2022-09-03 05:37:17', '2022-09-03 05:37:17'),
(119, 'image', 'et', 'images/dummy/dummy-user.png', 'images/dummy/', 'png', 'Et perferendis corrupti unde inventore unde in.', '2022-09-03 05:37:17', '2022-09-03 05:37:17'),
(120, 'image', 'repellat', 'images/dummy/dummy-user.png', 'images/dummy/', 'png', 'Et aliquam ad aut voluptas ipsa et.', '2022-09-03 05:37:17', '2022-09-03 05:37:17'),
(121, 'image', 'neque', 'images/dummy/dummy-user.png', 'images/dummy/', 'png', 'Occaecati esse ipsum ducimus minus ex.', '2022-09-03 05:37:17', '2022-09-03 05:37:17'),
(122, 'image', 'illo', 'images/dummy/dummy-user.png', 'images/dummy/', 'png', 'Accusamus enim facere sit ut qui aut.', '2022-09-03 05:37:17', '2022-09-03 05:37:17'),
(123, 'image', 'sunt', 'images/dummy/dummy-user.png', 'images/dummy/', 'png', 'In quia culpa sed eos unde distinctio.', '2022-09-03 05:37:17', '2022-09-03 05:37:17'),
(124, 'image', 'ducimus', 'images/dummy/dummy-user.png', 'images/dummy/', 'png', 'Maxime dignissimos esse voluptas ut non.', '2022-09-03 05:37:17', '2022-09-03 05:37:17'),
(125, 'image', 'magni', 'images/dummy/dummy-user.png', 'images/dummy/', 'png', 'Eius qui modi sit perferendis.', '2022-09-03 05:37:17', '2022-09-03 05:37:17'),
(126, 'image', 'saepe', 'images/dummy/dummy-user.png', 'images/dummy/', 'png', 'Consectetur praesentium quos voluptatem nesciunt autem hic hic.', '2022-09-03 05:37:17', '2022-09-03 05:37:17'),
(127, 'image', 'et', 'images/dummy/dummy-user.png', 'images/dummy/', 'png', 'Est repellendus et aut et harum aut commodi.', '2022-09-03 05:37:17', '2022-09-03 05:37:17'),
(128, 'image', 'dolor', 'images/dummy/dummy-user.png', 'images/dummy/', 'png', 'Repellat ipsam accusamus illo maxime omnis temporibus voluptas.', '2022-09-03 05:37:17', '2022-09-03 05:37:17'),
(129, 'image', 'qui', 'images/dummy/dummy-user.png', 'images/dummy/', 'png', 'Suscipit sit dignissimos quia.', '2022-09-03 05:37:17', '2022-09-03 05:37:17'),
(130, 'image', 'incidunt', 'images/dummy/dummy-user.png', 'images/dummy/', 'png', 'Rerum alias sed ipsa.', '2022-09-03 05:37:17', '2022-09-03 05:37:17'),
(131, 'image', 'totam', 'images/dummy/dummy-user.png', 'images/dummy/', 'png', 'Voluptatem esse ipsam eos iusto error.', '2022-09-03 05:37:17', '2022-09-03 05:37:17'),
(132, 'image', 'odio', 'images/dummy/dummy-user.png', 'images/dummy/', 'png', 'Ullam laborum rem amet ex odio excepturi neque.', '2022-09-03 05:37:17', '2022-09-03 05:37:17'),
(133, 'image', 'exercitationem', 'images/dummy/dummy-user.png', 'images/dummy/', 'png', 'Deleniti quisquam voluptatem modi voluptas.', '2022-09-03 05:37:17', '2022-09-03 05:37:17'),
(134, 'image', 'est', 'images/dummy/dummy-user.png', 'images/dummy/', 'png', 'Repellendus est ut quia reiciendis similique voluptatibus.', '2022-09-03 05:37:17', '2022-09-03 05:37:17'),
(135, 'image', 'eos', 'images/dummy/dummy-user.png', 'images/dummy/', 'png', 'Qui consequatur et non aperiam blanditiis.', '2022-09-03 05:37:17', '2022-09-03 05:37:17'),
(136, 'image', 'aut', 'images/dummy/dummy-user.png', 'images/dummy/', 'png', 'Pariatur sunt sapiente dolore beatae.', '2022-09-03 05:37:17', '2022-09-03 05:37:17'),
(137, 'image', 'aut', 'images/dummy/dummy-user.png', 'images/dummy/', 'png', 'Exercitationem neque mollitia et commodi.', '2022-09-03 05:37:17', '2022-09-03 05:37:17'),
(138, 'image', 'non', 'images/dummy/dummy-user.png', 'images/dummy/', 'png', 'Dolorem sit harum consequatur.', '2022-09-03 05:37:17', '2022-09-03 05:37:17'),
(139, 'image', 'nihil', 'images/dummy/dummy-user.png', 'images/dummy/', 'png', 'Incidunt quia iure expedita dolore necessitatibus dolores.', '2022-09-03 05:37:17', '2022-09-03 05:37:17'),
(140, 'image', 'sapiente', 'images/dummy/dummy-user.png', 'images/dummy/', 'png', 'Laudantium laborum quisquam quas explicabo at voluptate.', '2022-09-03 05:37:17', '2022-09-03 05:37:17'),
(141, 'image', 'fuga', 'images/dummy/dummy-user.png', 'images/dummy/', 'png', 'Minus error dolores molestiae labore error.', '2022-09-03 05:37:17', '2022-09-03 05:37:17'),
(142, 'image', 'praesentium', 'images/dummy/dummy-user.png', 'images/dummy/', 'png', 'Natus odit ut ut.', '2022-09-03 05:37:17', '2022-09-03 05:37:17'),
(143, 'image', 'omnis', 'images/dummy/dummy-user.png', 'images/dummy/', 'png', 'Sunt sint consequatur eligendi ea ex est fugit.', '2022-09-03 05:37:17', '2022-09-03 05:37:17'),
(144, 'image', 'et', 'images/dummy/dummy-user.png', 'images/dummy/', 'png', 'Perspiciatis fuga autem facilis doloremque.', '2022-09-03 05:37:17', '2022-09-03 05:37:17'),
(145, 'image', 'aut', 'images/dummy/dummy-user.png', 'images/dummy/', 'png', 'Impedit aut explicabo placeat enim tenetur.', '2022-09-03 05:37:17', '2022-09-03 05:37:17'),
(146, 'image', 'laudantium', 'images/dummy/dummy-user.png', 'images/dummy/', 'png', 'Enim iusto error nam repellendus similique.', '2022-09-03 05:37:17', '2022-09-03 05:37:17'),
(147, 'image', 'ratione', 'images/dummy/dummy-user.png', 'images/dummy/', 'png', 'Sit vel molestias porro et totam.', '2022-09-03 05:37:17', '2022-09-03 05:37:17'),
(148, 'image', 'culpa', 'images/dummy/dummy-user.png', 'images/dummy/', 'png', 'Itaque dolorum dolorem reiciendis fugit illum.', '2022-09-03 05:37:17', '2022-09-03 05:37:17'),
(149, 'image', 'rem', 'images/dummy/dummy-user.png', 'images/dummy/', 'png', 'Exercitationem consequatur sequi qui inventore cum molestiae.', '2022-09-03 05:37:17', '2022-09-03 05:37:17'),
(150, 'image', 'architecto', 'images/dummy/dummy-user.png', 'images/dummy/', 'png', 'Quia sapiente voluptatibus amet.', '2022-09-03 05:37:17', '2022-09-03 05:37:17'),
(151, 'image', 'a', 'images/dummy/dummy-user.png', 'images/dummy/', 'png', 'Illum modi mollitia qui minus qui.', '2022-09-03 05:37:17', '2022-09-03 05:37:17'),
(152, 'image', 'et', 'images/dummy/dummy-user.png', 'images/dummy/', 'png', 'Quia est occaecati eum delectus sint odio laborum quis.', '2022-09-03 05:37:17', '2022-09-03 05:37:17'),
(153, 'image', 'et', 'images/dummy/dummy-user.png', 'images/dummy/', 'png', 'Adipisci architecto in nam in quam rerum voluptatibus tempore.', '2022-09-03 05:37:17', '2022-09-03 05:37:17'),
(154, 'image', 'quae', 'images/dummy/dummy-user.png', 'images/dummy/', 'png', 'Quod eos incidunt atque cupiditate consequatur porro commodi rerum.', '2022-09-03 05:37:17', '2022-09-03 05:37:17'),
(155, 'image', 'similique', 'images/dummy/dummy-user.png', 'images/dummy/', 'png', 'Quod corrupti corporis et dolorum omnis.', '2022-09-03 05:37:17', '2022-09-03 05:37:17'),
(156, 'image', 'quia', 'images/dummy/dummy-user.png', 'images/dummy/', 'png', 'Voluptatem ad quibusdam quas distinctio.', '2022-09-03 05:37:17', '2022-09-03 05:37:17'),
(157, 'image', 'a', 'images/dummy/dummy-user.png', 'images/dummy/', 'png', 'Ut consequatur exercitationem cumque adipisci mollitia ratione.', '2022-09-03 05:37:17', '2022-09-03 05:37:17'),
(158, 'image', 'quia', 'images/dummy/dummy-user.png', 'images/dummy/', 'png', 'Placeat repudiandae aut doloremque fugiat.', '2022-09-03 05:37:17', '2022-09-03 05:37:17'),
(159, 'image', 'excepturi', 'images/dummy/dummy-user.png', 'images/dummy/', 'png', 'Porro natus fugiat commodi vel.', '2022-09-03 05:37:18', '2022-09-03 05:37:18'),
(160, 'image', 'repellendus', 'images/dummy/dummy-user.png', 'images/dummy/', 'png', 'Dolor voluptas quo ratione voluptas non aspernatur.', '2022-09-03 05:37:18', '2022-09-03 05:37:18'),
(161, 'image', 'aut', 'images/dummy/dummy-user.png', 'images/dummy/', 'png', 'Maxime ipsa in et aliquam voluptas qui iure.', '2022-09-03 05:37:18', '2022-09-03 05:37:18'),
(162, 'image', 'esse', 'images/dummy/dummy-user.png', 'images/dummy/', 'png', 'Quasi quis doloremque ullam rem.', '2022-09-03 05:37:18', '2022-09-03 05:37:18'),
(163, 'image', 'aut', 'images/dummy/dummy-user.png', 'images/dummy/', 'png', 'Numquam quisquam reiciendis vel.', '2022-09-03 05:37:18', '2022-09-03 05:37:18'),
(164, 'image', 'ut', 'images/dummy/dummy-user.png', 'images/dummy/', 'png', 'Et facilis harum distinctio non fugiat esse aliquid pariatur.', '2022-09-03 05:37:18', '2022-09-03 05:37:18'),
(165, 'image', 'voluptatem', 'images/dummy/dummy-user.png', 'images/dummy/', 'png', 'Rerum voluptatem dignissimos ut accusamus.', '2022-09-03 05:37:18', '2022-09-03 05:37:18'),
(166, 'image', 'iusto', 'images/dummy/dummy-user.png', 'images/dummy/', 'png', 'Modi dolores quo omnis quia fugiat consequuntur dolor.', '2022-09-03 05:37:18', '2022-09-03 05:37:18'),
(167, 'image', 'temporibus', 'images/dummy/dummy-user.png', 'images/dummy/', 'png', 'Aut laboriosam blanditiis magnam nemo.', '2022-09-03 05:37:18', '2022-09-03 05:37:18'),
(168, 'image', 'dolore', 'images/dummy/dummy-user.png', 'images/dummy/', 'png', 'Unde molestiae qui suscipit minima repudiandae sed rerum.', '2022-09-03 05:37:18', '2022-09-03 05:37:18'),
(169, 'image', 'ut', 'images/dummy/dummy-user.png', 'images/dummy/', 'png', 'Commodi aut amet qui consequatur ea labore quaerat.', '2022-09-03 05:37:18', '2022-09-03 05:37:18'),
(170, 'image', 'ipsam', 'images/dummy/dummy-user.png', 'images/dummy/', 'png', 'Facilis omnis occaecati quam et.', '2022-09-03 05:37:18', '2022-09-03 05:37:18'),
(171, 'image', 'nihil', 'images/dummy/dummy-user.png', 'images/dummy/', 'png', 'Perspiciatis vero hic illo corporis in.', '2022-09-03 05:37:18', '2022-09-03 05:37:18'),
(172, 'image', 'occaecati', 'images/dummy/dummy-user.png', 'images/dummy/', 'png', 'Sequi voluptas facilis quia tempore perferendis rerum.', '2022-09-03 05:37:18', '2022-09-03 05:37:18'),
(173, 'image', 'in', 'images/dummy/dummy-user.png', 'images/dummy/', 'png', 'At voluptatum id est.', '2022-09-03 05:37:18', '2022-09-03 05:37:18'),
(174, 'image', 'natus', 'images/dummy/dummy-user.png', 'images/dummy/', 'png', 'Dolor consequatur occaecati molestiae aliquid.', '2022-09-03 05:37:18', '2022-09-03 05:37:18'),
(175, 'image', 'nesciunt', 'images/dummy/dummy-user.png', 'images/dummy/', 'png', 'Laboriosam quae sed dolor voluptatibus quas animi voluptatem.', '2022-09-03 05:37:18', '2022-09-03 05:37:18'),
(176, 'image', 'iusto', 'images/dummy/dummy-user.png', 'images/dummy/', 'png', 'Nihil et aliquid rem omnis occaecati incidunt debitis.', '2022-09-03 05:37:18', '2022-09-03 05:37:18'),
(177, 'image', 'explicabo', 'images/dummy/dummy-user.png', 'images/dummy/', 'png', 'Sint autem neque similique voluptatum explicabo in.', '2022-09-03 05:37:18', '2022-09-03 05:37:18'),
(178, 'image', 'dolorum', 'images/dummy/dummy-user.png', 'images/dummy/', 'png', 'Consequatur minima minus enim voluptas.', '2022-09-03 05:37:18', '2022-09-03 05:37:18'),
(179, 'image', 'necessitatibus', 'images/dummy/dummy-user.png', 'images/dummy/', 'png', 'Tenetur distinctio ut itaque accusantium mollitia.', '2022-09-03 05:37:18', '2022-09-03 05:37:18'),
(180, 'image', 'dolores', 'images/dummy/dummy-user.png', 'images/dummy/', 'png', 'Dolorem aut minus ex ab inventore quidem.', '2022-09-03 05:37:18', '2022-09-03 05:37:18'),
(181, 'image', 'atque', 'images/dummy/dummy-user.png', 'images/dummy/', 'png', 'Ipsum ea a doloremque quis.', '2022-09-03 05:37:18', '2022-09-03 05:37:18'),
(182, 'image', 'rerum', 'images/dummy/dummy-user.png', 'images/dummy/', 'png', 'Delectus nam in tenetur provident illo.', '2022-09-03 05:37:18', '2022-09-03 05:37:18'),
(183, 'image', 'soluta', 'images/dummy/dummy-user.png', 'images/dummy/', 'png', 'Aut consectetur ex et dolor voluptas odio.', '2022-09-03 05:37:18', '2022-09-03 05:37:18'),
(184, 'image', 'dicta', 'images/dummy/dummy-user.png', 'images/dummy/', 'png', 'Aut officia quod dignissimos ut officia quis repudiandae.', '2022-09-03 05:37:18', '2022-09-03 05:37:18'),
(185, 'image', 'quasi', 'images/dummy/dummy-user.png', 'images/dummy/', 'png', 'Perferendis explicabo sunt provident doloremque suscipit voluptatum et.', '2022-09-03 05:37:18', '2022-09-03 05:37:18'),
(186, 'image', 'expedita', 'images/dummy/dummy-user.png', 'images/dummy/', 'png', 'Explicabo ea ut enim ut.', '2022-09-03 05:37:18', '2022-09-03 05:37:18'),
(187, 'image', 'voluptate', 'images/dummy/dummy-user.png', 'images/dummy/', 'png', 'Tempora qui dolor id harum et aut harum beatae.', '2022-09-03 05:37:18', '2022-09-03 05:37:18'),
(188, 'image', 'nostrum', 'images/dummy/dummy-user.png', 'images/dummy/', 'png', 'Assumenda quidem et quia occaecati.', '2022-09-03 05:37:18', '2022-09-03 05:37:18'),
(189, 'image', 'placeat', 'images/dummy/dummy-user.png', 'images/dummy/', 'png', 'Id porro reiciendis vel eum.', '2022-09-03 05:37:18', '2022-09-03 05:37:18'),
(190, 'image', 'autem', 'images/dummy/dummy-user.png', 'images/dummy/', 'png', 'Maiores ut ut deleniti occaecati.', '2022-09-03 05:37:18', '2022-09-03 05:37:18'),
(191, 'image', 'sunt', 'images/dummy/dummy-user.png', 'images/dummy/', 'png', 'Exercitationem distinctio laboriosam est minima.', '2022-09-03 05:37:18', '2022-09-03 05:37:18'),
(192, 'image', 'iusto', 'images/dummy/dummy-user.png', 'images/dummy/', 'png', 'Est ea nam qui quae ratione tempore.', '2022-09-03 05:37:18', '2022-09-03 05:37:18'),
(193, 'image', 'et', 'images/dummy/dummy-user.png', 'images/dummy/', 'png', 'Natus quidem voluptas inventore non et ducimus.', '2022-09-03 05:37:18', '2022-09-03 05:37:18'),
(194, 'image', 'possimus', 'images/dummy/dummy-user.png', 'images/dummy/', 'png', 'Eum eaque cumque sed saepe illo temporibus.', '2022-09-03 05:37:18', '2022-09-03 05:37:18'),
(195, 'image', 'alias', 'images/dummy/dummy-user.png', 'images/dummy/', 'png', 'Quia omnis quia laborum accusamus eius rerum facere ut.', '2022-09-03 05:37:18', '2022-09-03 05:37:18'),
(196, 'image', 'ducimus', 'images/dummy/dummy-user.png', 'images/dummy/', 'png', 'Eos id qui voluptatibus laboriosam aut harum voluptas.', '2022-09-03 05:37:18', '2022-09-03 05:37:18'),
(197, 'image', 'consequatur', 'images/dummy/dummy-user.png', 'images/dummy/', 'png', 'Aperiam hic aut consequatur est explicabo saepe omnis.', '2022-09-03 05:37:18', '2022-09-03 05:37:18'),
(198, 'image', 'similique', 'images/dummy/dummy-user.png', 'images/dummy/', 'png', 'Et laboriosam dolorem asperiores veniam ut nostrum sit laboriosam.', '2022-09-03 05:37:18', '2022-09-03 05:37:18'),
(199, 'image', 'eos', 'images/dummy/dummy-user.png', 'images/dummy/', 'png', 'Adipisci dolor aut blanditiis quia sed unde facilis doloremque.', '2022-09-03 05:37:18', '2022-09-03 05:37:18'),
(200, 'image', 'quis', 'images/dummy/dummy-user.png', 'images/dummy/', 'png', 'Voluptatem cum odit incidunt fugiat quaerat.', '2022-09-03 05:37:18', '2022-09-03 05:37:18'),
(201, 'image', 'eos', 'images/dummy/dummy-user.png', 'images/dummy/', 'png', 'Error porro excepturi cum voluptatem.', '2022-09-03 05:37:18', '2022-09-03 05:37:18'),
(202, 'image', 'harum', 'images/dummy/dummy-user.png', 'images/dummy/', 'png', 'Cupiditate excepturi illum quis odit.', '2022-09-03 05:37:18', '2022-09-03 05:37:18'),
(203, 'image', 'dicta', 'images/dummy/dummy-user.png', 'images/dummy/', 'png', 'Magni omnis omnis quo et.', '2022-09-03 05:37:18', '2022-09-03 05:37:18'),
(204, 'image', 'eum', 'images/dummy/dummy-user.png', 'images/dummy/', 'png', 'Illum labore sit non.', '2022-09-03 05:37:18', '2022-09-03 05:37:18'),
(205, 'image', 'beatae', 'images/dummy/dummy-user.png', 'images/dummy/', 'png', 'Velit sed tempore consectetur autem.', '2022-09-03 05:37:18', '2022-09-03 05:37:18'),
(206, 'image', 'ut', 'images/dummy/dummy-user.png', 'images/dummy/', 'png', 'Pariatur eos mollitia accusantium.', '2022-09-03 05:37:19', '2022-09-03 05:37:19'),
(207, 'image', 'corporis', 'images/dummy/dummy-user.png', 'images/dummy/', 'png', 'Non error fugit dolorem totam et pariatur quo.', '2022-09-03 05:37:19', '2022-09-03 05:37:19'),
(208, 'image', 'esse', 'images/dummy/dummy-user.png', 'images/dummy/', 'png', 'Omnis sint modi voluptas ducimus possimus et.', '2022-09-03 05:37:19', '2022-09-03 05:37:19'),
(209, 'image', 'dolorem', 'images/dummy/dummy-user.png', 'images/dummy/', 'png', 'Molestiae animi ut velit ipsa.', '2022-09-03 05:37:19', '2022-09-03 05:37:19'),
(210, 'image', 'aliquid', 'images/dummy/dummy-user.png', 'images/dummy/', 'png', 'Dolores quaerat dolor ut nesciunt temporibus et tempore.', '2022-09-03 05:37:19', '2022-09-03 05:37:19'),
(211, 'image', 'eum', 'images/dummy/dummy-user.png', 'images/dummy/', 'png', 'Totam repellat saepe officia id.', '2022-09-03 05:37:19', '2022-09-03 05:37:19'),
(212, 'image', 'nihil', 'images/dummy/dummy-user.png', 'images/dummy/', 'png', 'Id quam ut quod pariatur magnam aut.', '2022-09-03 05:37:19', '2022-09-03 05:37:19'),
(213, 'image', 'aut', 'images/dummy/dummy-user.png', 'images/dummy/', 'png', 'Ipsum dolor voluptatem sit illo quasi.', '2022-09-03 05:37:19', '2022-09-03 05:37:19'),
(214, 'image', 'dolorem', 'images/dummy/dummy-user.png', 'images/dummy/', 'png', 'Nam mollitia veniam soluta id voluptas beatae vel.', '2022-09-03 05:37:19', '2022-09-03 05:37:19'),
(215, 'image', 'iusto', 'images/dummy/dummy-user.png', 'images/dummy/', 'png', 'Repudiandae quam at beatae in at saepe voluptatem maxime.', '2022-09-03 05:37:19', '2022-09-03 05:37:19'),
(216, 'image', 'eius', 'images/dummy/dummy-user.png', 'images/dummy/', 'png', 'Et eligendi voluptatibus voluptate.', '2022-09-03 05:37:19', '2022-09-03 05:37:19'),
(217, 'image', 'soluta', 'images/dummy/dummy-user.png', 'images/dummy/', 'png', 'Qui necessitatibus totam dolores eum dolor enim.', '2022-09-03 05:37:19', '2022-09-03 05:37:19'),
(218, 'image', 'consectetur', 'images/dummy/dummy-user.png', 'images/dummy/', 'png', 'Est quia reprehenderit rem enim neque.', '2022-09-03 05:37:19', '2022-09-03 05:37:19'),
(219, 'image', 'esse', 'images/dummy/dummy-user.png', 'images/dummy/', 'png', 'Rerum ab nihil ratione rerum repellat.', '2022-09-03 05:37:19', '2022-09-03 05:37:19'),
(220, 'image', 'voluptatem', 'images/dummy/dummy-user.png', 'images/dummy/', 'png', 'Perspiciatis officiis voluptatem in officia quisquam voluptatibus.', '2022-09-03 05:37:19', '2022-09-03 05:37:19'),
(221, 'image', 'voluptatem', 'images/dummy/dummy-user.png', 'images/dummy/', 'png', 'Consectetur quaerat praesentium praesentium rerum et doloremque inventore tempora.', '2022-09-03 05:37:19', '2022-09-03 05:37:19'),
(222, 'image', 'illum', 'images/dummy/dummy-user.png', 'images/dummy/', 'png', 'Ex amet doloremque aut et amet.', '2022-09-03 05:37:19', '2022-09-03 05:37:19'),
(223, 'image', 'voluptatibus', 'images/dummy/dummy-user.png', 'images/dummy/', 'png', 'Officia quibusdam eum sed in voluptas id repudiandae quibusdam.', '2022-09-03 05:37:19', '2022-09-03 05:37:19'),
(224, 'image', 'voluptatibus', 'images/dummy/dummy-user.png', 'images/dummy/', 'png', 'Autem recusandae quibusdam nihil eos provident.', '2022-09-03 05:37:19', '2022-09-03 05:37:19'),
(225, 'image', 'velit', 'images/dummy/dummy-user.png', 'images/dummy/', 'png', 'Et est adipisci velit distinctio.', '2022-09-03 05:37:19', '2022-09-03 05:37:19'),
(226, 'image', 'et', 'images/dummy/dummy-user.png', 'images/dummy/', 'png', 'Ipsa maxime dolore ut nemo.', '2022-09-03 05:37:19', '2022-09-03 05:37:19'),
(227, 'image', 'hic', 'images/dummy/dummy-user.png', 'images/dummy/', 'png', 'At explicabo et aut hic eum.', '2022-09-03 05:37:19', '2022-09-03 05:37:19'),
(228, 'image', 'facere', 'images/dummy/dummy-user.png', 'images/dummy/', 'png', 'Voluptates sunt aut est optio corrupti voluptatem.', '2022-09-03 05:37:19', '2022-09-03 05:37:19'),
(229, 'image', 'perferendis', 'images/dummy/dummy-user.png', 'images/dummy/', 'png', 'Dignissimos amet aut inventore officia labore magni.', '2022-09-03 05:37:19', '2022-09-03 05:37:19'),
(230, 'image', 'nulla', 'images/dummy/dummy-user.png', 'images/dummy/', 'png', 'Et quis eaque cumque ut harum non incidunt.', '2022-09-03 05:37:19', '2022-09-03 05:37:19'),
(231, 'image', 'nihil', 'images/dummy/dummy-user.png', 'images/dummy/', 'png', 'Consequatur modi sed veritatis qui.', '2022-09-03 05:37:19', '2022-09-03 05:37:19'),
(232, 'image', 'qui', 'images/dummy/dummy-user.png', 'images/dummy/', 'png', 'Enim ipsum impedit soluta quisquam.', '2022-09-03 05:37:19', '2022-09-03 05:37:19'),
(233, 'image', 'sunt', 'images/dummy/dummy-user.png', 'images/dummy/', 'png', 'Sed ipsam aut quo.', '2022-09-03 05:37:19', '2022-09-03 05:37:19'),
(234, 'image', 'optio', 'images/dummy/dummy-user.png', 'images/dummy/', 'png', 'Modi harum autem sequi sequi sit non.', '2022-09-03 05:37:19', '2022-09-03 05:37:19'),
(235, 'image', 'est', 'images/dummy/dummy-user.png', 'images/dummy/', 'png', 'Provident voluptates numquam nesciunt nesciunt odit sit.', '2022-09-03 05:37:19', '2022-09-03 05:37:19'),
(236, 'image', 'omnis', 'images/dummy/dummy-user.png', 'images/dummy/', 'png', 'Mollitia consequatur qui aut ipsa similique dolores.', '2022-09-03 05:37:19', '2022-09-03 05:37:19'),
(237, 'image', 'optio', 'images/dummy/dummy-user.png', 'images/dummy/', 'png', 'Facere non ut id alias eligendi.', '2022-09-03 05:37:19', '2022-09-03 05:37:19'),
(238, 'image', 'voluptas', 'images/dummy/dummy-user.png', 'images/dummy/', 'png', 'Corrupti sed provident vel sint tenetur earum doloremque.', '2022-09-03 05:37:19', '2022-09-03 05:37:19'),
(239, 'image', 'a', 'images/dummy/dummy-user.png', 'images/dummy/', 'png', 'Placeat molestiae quam adipisci voluptatem deleniti sed consequatur.', '2022-09-03 05:37:19', '2022-09-03 05:37:19'),
(240, 'image', 'amet', 'images/dummy/dummy-user.png', 'images/dummy/', 'png', 'Placeat dolorem reprehenderit veniam fugiat.', '2022-09-03 05:37:19', '2022-09-03 05:37:19'),
(241, 'image', 'dolor', 'images/dummy/dummy-user.png', 'images/dummy/', 'png', 'Ad ullam ea non cupiditate deleniti similique velit.', '2022-09-03 05:37:19', '2022-09-03 05:37:19'),
(242, 'image', 'numquam', 'images/dummy/dummy-user.png', 'images/dummy/', 'png', 'Accusamus ut a dolor quis.', '2022-09-03 05:37:19', '2022-09-03 05:37:19'),
(243, 'image', 'et', 'images/dummy/dummy-user.png', 'images/dummy/', 'png', 'Dolore quam ut unde nobis incidunt minima.', '2022-09-03 05:37:19', '2022-09-03 05:37:19'),
(244, 'image', 'nemo', 'images/dummy/dummy-user.png', 'images/dummy/', 'png', 'Aliquid consequatur voluptatem deleniti nisi tempore molestiae voluptatibus dolor.', '2022-09-03 05:37:19', '2022-09-03 05:37:19'),
(245, 'image', 'corporis', 'images/dummy/dummy-user.png', 'images/dummy/', 'png', 'Consequatur accusantium facere voluptatem culpa ratione dolore placeat.', '2022-09-03 05:37:19', '2022-09-03 05:37:19'),
(246, 'image', 'accusantium', 'images/dummy/dummy-user.png', 'images/dummy/', 'png', 'Qui aut nisi ut sunt consequuntur.', '2022-09-03 05:37:19', '2022-09-03 05:37:19'),
(247, 'image', 'cupiditate', 'images/dummy/dummy-user.png', 'images/dummy/', 'png', 'Consequuntur in quia doloribus eaque.', '2022-09-03 05:37:19', '2022-09-03 05:37:19'),
(248, 'image', 'quo', 'images/dummy/dummy-user.png', 'images/dummy/', 'png', 'Aliquam veniam ducimus eligendi magni laborum voluptatibus tenetur.', '2022-09-03 05:37:19', '2022-09-03 05:37:19'),
(249, 'image', 'excepturi', 'images/dummy/dummy-user.png', 'images/dummy/', 'png', 'Sunt qui reprehenderit consectetur corporis sed eius.', '2022-09-03 05:37:19', '2022-09-03 05:37:19'),
(250, 'image', 'libero', 'images/dummy/dummy-user.png', 'images/dummy/', 'png', 'Unde aspernatur repudiandae adipisci.', '2022-09-03 05:37:20', '2022-09-03 05:37:20'),
(251, 'image', 'similique', 'images/dummy/dummy-user.png', 'images/dummy/', 'png', 'Dolor cum et voluptatem rerum repellat quia quasi.', '2022-09-03 05:37:20', '2022-09-03 05:37:20'),
(252, 'image', 'magnam', 'images/dummy/dummy-user.png', 'images/dummy/', 'png', 'Ut laudantium aut consequatur ea qui dolore.', '2022-09-03 05:37:20', '2022-09-03 05:37:20'),
(253, 'image', 'voluptatem', 'images/dummy/dummy-user.png', 'images/dummy/', 'png', 'Doloribus et id quo eum sed debitis.', '2022-09-03 05:37:20', '2022-09-03 05:37:20'),
(254, 'image', 'dolore', 'images/dummy/dummy-user.png', 'images/dummy/', 'png', 'Quia vitae incidunt atque.', '2022-09-03 05:37:20', '2022-09-03 05:37:20'),
(255, 'image', 'qui', 'images/dummy/dummy-user.png', 'images/dummy/', 'png', 'Numquam voluptatem sunt occaecati unde repellat esse perspiciatis.', '2022-09-03 05:37:20', '2022-09-03 05:37:20'),
(256, 'image', 'omnis', 'images/dummy/dummy-user.png', 'images/dummy/', 'png', 'Saepe rerum ut porro quae dolor illum.', '2022-09-03 05:37:20', '2022-09-03 05:37:20'),
(257, 'image', 'vitae', 'images/dummy/dummy-user.png', 'images/dummy/', 'png', 'Non nam et id.', '2022-09-03 05:37:20', '2022-09-03 05:37:20'),
(258, 'image', 'suscipit', 'images/dummy/dummy-user.png', 'images/dummy/', 'png', 'Et reiciendis soluta alias et illum non illo nihil.', '2022-09-03 05:37:20', '2022-09-03 05:37:20'),
(259, 'image', 'provident', 'images/dummy/dummy-user.png', 'images/dummy/', 'png', 'Est atque cum cum dolor quo non.', '2022-09-03 05:37:20', '2022-09-03 05:37:20'),
(260, 'image', 'at', 'images/dummy/dummy-user.png', 'images/dummy/', 'png', 'Dolore voluptas sequi rerum saepe.', '2022-09-03 05:37:20', '2022-09-03 05:37:20'),
(261, 'image', 'consequatur', 'images/dummy/dummy-user.png', 'images/dummy/', 'png', 'Quas rem non sint error blanditiis deserunt minima at.', '2022-09-03 05:37:20', '2022-09-03 05:37:20'),
(262, 'image', 'vel', 'images/dummy/dummy-user.png', 'images/dummy/', 'png', 'Magnam dolor qui ipsum.', '2022-09-03 05:37:20', '2022-09-03 05:37:20'),
(263, 'image', 'nemo', 'images/dummy/dummy-user.png', 'images/dummy/', 'png', 'Debitis est fugiat dolorem veniam deserunt.', '2022-09-03 05:37:20', '2022-09-03 05:37:20'),
(264, 'image', 'blanditiis', 'images/dummy/dummy-user.png', 'images/dummy/', 'png', 'Molestias velit necessitatibus error aperiam.', '2022-09-03 05:37:20', '2022-09-03 05:37:20'),
(265, 'image', 'doloribus', 'images/dummy/dummy-user.png', 'images/dummy/', 'png', 'Aperiam perspiciatis dolores provident sed eum vero.', '2022-09-03 05:37:20', '2022-09-03 05:37:20'),
(266, 'image', 'rerum', 'images/dummy/dummy-user.png', 'images/dummy/', 'png', 'Molestiae eos vitae numquam maiores molestias debitis dolores.', '2022-09-03 05:37:20', '2022-09-03 05:37:20'),
(267, 'image', 'ducimus', 'images/dummy/dummy-user.png', 'images/dummy/', 'png', 'Quaerat error quod libero deleniti.', '2022-09-03 05:37:20', '2022-09-03 05:37:20'),
(268, 'image', 'ex', 'images/dummy/dummy-user.png', 'images/dummy/', 'png', 'Consequatur et illum aut distinctio deserunt maxime.', '2022-09-03 05:37:20', '2022-09-03 05:37:20'),
(269, 'image', 'perferendis', 'images/dummy/dummy-user.png', 'images/dummy/', 'png', 'Similique placeat aut a nobis tempora unde assumenda.', '2022-09-03 05:37:20', '2022-09-03 05:37:20'),
(270, 'image', 'error', 'images/dummy/dummy-user.png', 'images/dummy/', 'png', 'Perspiciatis sint magnam necessitatibus sed.', '2022-09-03 05:37:20', '2022-09-03 05:37:20'),
(271, 'image', 'id', 'images/dummy/dummy-user.png', 'images/dummy/', 'png', 'Ratione exercitationem numquam magni enim laborum et ad.', '2022-09-03 05:37:20', '2022-09-03 05:37:20'),
(272, 'image', 'mollitia', 'images/dummy/dummy-user.png', 'images/dummy/', 'png', 'Nam fugiat aut ipsum.', '2022-09-03 05:37:20', '2022-09-03 05:37:20'),
(273, 'image', 'suscipit', 'images/dummy/dummy-user.png', 'images/dummy/', 'png', 'Atque sint debitis voluptatem sint saepe.', '2022-09-03 05:37:20', '2022-09-03 05:37:20'),
(274, 'image', 'aut', 'images/dummy/dummy-user.png', 'images/dummy/', 'png', 'Illo amet temporibus deserunt placeat quas.', '2022-09-03 05:37:20', '2022-09-03 05:37:20'),
(275, 'image', 'tempore', 'images/dummy/dummy-user.png', 'images/dummy/', 'png', 'Ea doloremque facilis amet rerum quas recusandae.', '2022-09-03 05:37:20', '2022-09-03 05:37:20'),
(276, 'image', 'odit', 'images/dummy/dummy-user.png', 'images/dummy/', 'png', 'Quia occaecati mollitia laudantium.', '2022-09-03 05:37:20', '2022-09-03 05:37:20'),
(277, 'image', 'et', 'images/dummy/dummy-user.png', 'images/dummy/', 'png', 'Laboriosam facilis et dolores voluptas qui aut nam.', '2022-09-03 05:37:20', '2022-09-03 05:37:20'),
(278, 'image', 'labore', 'images/dummy/dummy-user.png', 'images/dummy/', 'png', 'Aliquam earum exercitationem in molestiae rem dolores sequi.', '2022-09-03 05:37:20', '2022-09-03 05:37:20'),
(279, 'image', 'quidem', 'images/dummy/dummy-user.png', 'images/dummy/', 'png', 'Molestiae dicta sit molestiae rem.', '2022-09-03 05:37:20', '2022-09-03 05:37:20'),
(280, 'image', 'dolore', 'images/dummy/dummy-user.png', 'images/dummy/', 'png', 'Architecto exercitationem excepturi atque sequi fugit rerum ab.', '2022-09-03 05:37:20', '2022-09-03 05:37:20'),
(281, 'image', 'aut', 'images/dummy/dummy-user.png', 'images/dummy/', 'png', 'Dicta quasi nostrum ut qui.', '2022-09-03 05:37:20', '2022-09-03 05:37:20'),
(282, 'image', 'architecto', 'images/dummy/dummy-user.png', 'images/dummy/', 'png', 'Est impedit accusamus sunt veniam deleniti rem totam.', '2022-09-03 05:37:20', '2022-09-03 05:37:20'),
(283, 'image', 'laudantium', 'images/dummy/dummy-user.png', 'images/dummy/', 'png', 'Commodi cum eius ab quam maxime expedita et.', '2022-09-03 05:37:20', '2022-09-03 05:37:20'),
(284, 'image', 'officiis', 'images/dummy/dummy-user.png', 'images/dummy/', 'png', 'Temporibus id sunt est nulla fugiat iure.', '2022-09-03 05:37:20', '2022-09-03 05:37:20'),
(285, 'image', 'dolores', 'images/dummy/dummy-user.png', 'images/dummy/', 'png', 'Velit odit et at sit.', '2022-09-03 05:37:20', '2022-09-03 05:37:20'),
(286, 'image', 'quod', 'images/dummy/dummy-user.png', 'images/dummy/', 'png', 'Distinctio ullam perspiciatis ipsa vero similique adipisci et.', '2022-09-03 05:37:20', '2022-09-03 05:37:20'),
(287, 'image', 'sequi', 'images/dummy/dummy-user.png', 'images/dummy/', 'png', 'Rerum repudiandae ratione odio rerum qui.', '2022-09-03 05:37:20', '2022-09-03 05:37:20'),
(288, 'image', 'sapiente', 'images/dummy/dummy-user.png', 'images/dummy/', 'png', 'Cum velit sint esse velit non.', '2022-09-03 05:37:20', '2022-09-03 05:37:20'),
(289, 'image', 'omnis', 'images/dummy/dummy-user.png', 'images/dummy/', 'png', 'Sint velit quis esse consequatur porro consequatur.', '2022-09-03 05:37:20', '2022-09-03 05:37:20'),
(290, 'image', 'nostrum', 'images/dummy/dummy-user.png', 'images/dummy/', 'png', 'Qui fuga ullam illo deserunt temporibus ratione eos.', '2022-09-03 05:37:20', '2022-09-03 05:37:20');
INSERT INTO `media` (`id`, `type`, `name`, `src`, `path`, `extension`, `description`, `created_at`, `updated_at`) VALUES
(291, 'image', 'in', 'images/dummy/dummy-user.png', 'images/dummy/', 'png', 'Nobis quae aliquam quasi hic magnam.', '2022-09-03 05:37:20', '2022-09-03 05:37:20'),
(292, 'image', 'perferendis', 'images/dummy/dummy-user.png', 'images/dummy/', 'png', 'Pariatur vel aspernatur sed magni sit.', '2022-09-03 05:37:20', '2022-09-03 05:37:20'),
(293, 'image', 'nostrum', 'images/dummy/dummy-user.png', 'images/dummy/', 'png', 'Quasi rerum reiciendis qui adipisci expedita voluptatem.', '2022-09-03 05:37:20', '2022-09-03 05:37:20'),
(294, 'image', 'et', 'images/dummy/dummy-user.png', 'images/dummy/', 'png', 'Beatae dolores aut officiis fugiat est voluptatibus incidunt rerum.', '2022-09-03 05:37:21', '2022-09-03 05:37:21'),
(295, 'image', 'sit', 'images/dummy/dummy-user.png', 'images/dummy/', 'png', 'Modi a et cumque sit.', '2022-09-03 05:37:21', '2022-09-03 05:37:21'),
(296, 'image', 'aut', 'images/dummy/dummy-user.png', 'images/dummy/', 'png', 'Sint enim labore cupiditate voluptatem.', '2022-09-03 05:37:21', '2022-09-03 05:37:21'),
(297, 'image', 'et', 'images/dummy/dummy-user.png', 'images/dummy/', 'png', 'Velit facilis sit excepturi optio nobis.', '2022-09-03 05:37:21', '2022-09-03 05:37:21'),
(298, 'image', 'aut', 'images/dummy/dummy-user.png', 'images/dummy/', 'png', 'Quos ut ea perferendis possimus nulla ut molestias.', '2022-09-03 05:37:21', '2022-09-03 05:37:21'),
(299, 'image', 'enim', 'images/dummy/dummy-user.png', 'images/dummy/', 'png', 'Ut nemo eos aperiam quo.', '2022-09-03 05:37:21', '2022-09-03 05:37:21'),
(300, 'image', 'quia', 'images/dummy/dummy-user.png', 'images/dummy/', 'png', 'Reiciendis sed ex eius assumenda voluptates.', '2022-09-03 05:37:21', '2022-09-03 05:37:21'),
(301, 'image', 'magnam', 'images/dummy/dummy-user.png', 'images/dummy/', 'png', 'Rerum quidem omnis dolores quis eos reprehenderit.', '2022-09-03 05:37:21', '2022-09-03 05:37:21'),
(302, 'image', 'nostrum', 'images/dummy/dummy-user.png', 'images/dummy/', 'png', 'Excepturi doloremque et sit excepturi in ab autem.', '2022-09-03 05:37:21', '2022-09-03 05:37:21'),
(303, 'image', 'nesciunt', 'images/dummy/dummy-user.png', 'images/dummy/', 'png', 'Voluptatem sint numquam magnam molestias.', '2022-09-03 05:37:21', '2022-09-03 05:37:21'),
(304, 'image', 'enim', 'images/dummy/dummy-user.png', 'images/dummy/', 'png', 'Atque accusantium quibusdam totam autem.', '2022-09-03 05:37:21', '2022-09-03 05:37:21'),
(305, 'image', 'numquam', 'images/dummy/dummy-user.png', 'images/dummy/', 'png', 'Totam nisi temporibus non voluptas.', '2022-09-03 05:37:21', '2022-09-03 05:37:21'),
(306, 'image', 'modi', 'images/dummy/dummy-user.png', 'images/dummy/', 'png', 'Culpa sed odit magni.', '2022-09-03 05:37:21', '2022-09-03 05:37:21'),
(307, 'image', 'quo', 'images/dummy/dummy-user.png', 'images/dummy/', 'png', 'Eaque optio ut omnis deserunt.', '2022-09-03 05:37:21', '2022-09-03 05:37:21'),
(308, 'image', 'deleniti', 'images/dummy/dummy-user.png', 'images/dummy/', 'png', 'A impedit rerum quidem et veritatis laboriosam eos.', '2022-09-03 05:37:21', '2022-09-03 05:37:21'),
(309, 'image', 'et', 'images/dummy/dummy-user.png', 'images/dummy/', 'png', 'Tenetur repellat doloribus temporibus cupiditate autem neque suscipit recusandae.', '2022-09-03 05:37:21', '2022-09-03 05:37:21'),
(310, 'image', 'voluptatem', 'images/dummy/dummy-user.png', 'images/dummy/', 'png', 'Ut voluptas quo quia velit.', '2022-09-03 05:37:21', '2022-09-03 05:37:21'),
(311, 'image', 'quisquam', 'images/dummy/dummy-user.png', 'images/dummy/', 'png', 'Aut est optio dolorum molestias eos in expedita.', '2022-09-03 05:37:21', '2022-09-03 05:37:21'),
(312, 'image', 'voluptatem', 'images/dummy/dummy-user.png', 'images/dummy/', 'png', 'Odio voluptatem nesciunt dolor ea amet.', '2022-09-03 05:37:21', '2022-09-03 05:37:21'),
(313, 'image', 'quasi', 'images/dummy/dummy-user.png', 'images/dummy/', 'png', 'Occaecati eius dolorum et dolorem velit.', '2022-09-03 05:37:21', '2022-09-03 05:37:21'),
(314, 'image', 'illo', 'images/dummy/dummy-user.png', 'images/dummy/', 'png', 'Rem consequatur quo sit velit ut mollitia.', '2022-09-03 05:37:21', '2022-09-03 05:37:21'),
(315, 'image', 'aut', 'images/dummy/dummy-user.png', 'images/dummy/', 'png', 'Assumenda officiis amet aut maxime molestias et.', '2022-09-03 05:37:21', '2022-09-03 05:37:21'),
(316, 'image', 'esse', 'images/dummy/dummy-user.png', 'images/dummy/', 'png', 'Expedita ut asperiores sit natus rem dolore.', '2022-09-03 05:37:21', '2022-09-03 05:37:21'),
(317, 'image', 'cum', 'images/dummy/dummy-user.png', 'images/dummy/', 'png', 'Et dolorem reprehenderit quod qui adipisci commodi ipsum maiores.', '2022-09-03 05:37:21', '2022-09-03 05:37:21'),
(318, 'image', 'vero', 'images/dummy/dummy-user.png', 'images/dummy/', 'png', 'Harum quas eum harum voluptates hic.', '2022-09-03 05:37:21', '2022-09-03 05:37:21'),
(319, 'image', 'corporis', 'images/dummy/dummy-user.png', 'images/dummy/', 'png', 'Expedita porro sed impedit velit ex.', '2022-09-03 05:37:21', '2022-09-03 05:37:21'),
(320, 'image', 'quia', 'images/dummy/dummy-user.png', 'images/dummy/', 'png', 'Non quidem distinctio perferendis corrupti doloribus.', '2022-09-03 05:37:21', '2022-09-03 05:37:21'),
(321, 'image', 'est', 'images/dummy/dummy-user.png', 'images/dummy/', 'png', 'Pariatur consequuntur velit at impedit voluptate non.', '2022-09-03 05:37:21', '2022-09-03 05:37:21'),
(322, 'image', 'debitis', 'images/dummy/dummy-user.png', 'images/dummy/', 'png', 'Cum odit voluptas nostrum incidunt ullam numquam.', '2022-09-03 05:37:21', '2022-09-03 05:37:21'),
(323, 'image', 'quam', 'images/dummy/dummy-user.png', 'images/dummy/', 'png', 'Cumque dolore sint necessitatibus quidem tempore ad.', '2022-09-03 05:37:21', '2022-09-03 05:37:21'),
(324, 'image', 'laborum', 'images/dummy/dummy-user.png', 'images/dummy/', 'png', 'At rerum ut et porro quae reiciendis sint.', '2022-09-03 05:37:21', '2022-09-03 05:37:21'),
(325, 'image', 'qui', 'images/dummy/dummy-user.png', 'images/dummy/', 'png', 'Magnam error adipisci aut provident.', '2022-09-03 05:37:21', '2022-09-03 05:37:21'),
(326, 'image', 'aspernatur', 'images/dummy/dummy-user.png', 'images/dummy/', 'png', 'Beatae non numquam nostrum libero sed et est.', '2022-09-03 05:37:21', '2022-09-03 05:37:21'),
(327, 'image', 'nisi', 'images/dummy/dummy-user.png', 'images/dummy/', 'png', 'Vitae ex perferendis consequatur odit.', '2022-09-03 05:37:21', '2022-09-03 05:37:21'),
(328, 'image', 'molestiae', 'images/dummy/dummy-user.png', 'images/dummy/', 'png', 'Sed exercitationem aut suscipit aut ut blanditiis aut.', '2022-09-03 05:37:21', '2022-09-03 05:37:21'),
(329, 'image', 'aperiam', 'images/dummy/dummy-user.png', 'images/dummy/', 'png', 'Voluptatem facilis sunt esse mollitia commodi ut quo est.', '2022-09-03 05:37:21', '2022-09-03 05:37:21'),
(330, 'image', 'corrupti', 'images/dummy/dummy-user.png', 'images/dummy/', 'png', 'Qui quo delectus aut eaque.', '2022-09-03 05:37:21', '2022-09-03 05:37:21'),
(331, 'image', 'consequatur', 'images/dummy/dummy-user.png', 'images/dummy/', 'png', 'Unde nihil fuga impedit sit mollitia doloremque.', '2022-09-03 05:37:21', '2022-09-03 05:37:21'),
(332, 'image', 'eos', 'images/dummy/dummy-user.png', 'images/dummy/', 'png', 'Atque magnam id ut temporibus qui sunt qui.', '2022-09-03 05:37:21', '2022-09-03 05:37:21'),
(333, 'image', 'dicta', 'images/dummy/dummy-user.png', 'images/dummy/', 'png', 'Ea eum fugiat tenetur corrupti modi.', '2022-09-03 05:37:21', '2022-09-03 05:37:21'),
(334, 'image', 'quod', 'images/dummy/dummy-user.png', 'images/dummy/', 'png', 'Laudantium aperiam ut doloremque magnam.', '2022-09-03 05:37:21', '2022-09-03 05:37:21'),
(335, 'image', 'maiores', 'images/dummy/dummy-user.png', 'images/dummy/', 'png', 'Et accusamus impedit rerum dolores pariatur.', '2022-09-03 05:37:21', '2022-09-03 05:37:21'),
(336, 'image', 'voluptas', 'images/dummy/dummy-user.png', 'images/dummy/', 'png', 'Et quia distinctio quis iure ratione mollitia.', '2022-09-03 05:37:21', '2022-09-03 05:37:21'),
(337, 'image', 'delectus', 'images/dummy/dummy-user.png', 'images/dummy/', 'png', 'Quo id officia ab architecto facilis minima consequatur fuga.', '2022-09-03 05:37:21', '2022-09-03 05:37:21'),
(338, 'image', 'error', 'images/dummy/dummy-user.png', 'images/dummy/', 'png', 'Id voluptatem fugit cum qui.', '2022-09-03 05:37:22', '2022-09-03 05:37:22'),
(339, 'image', 'voluptates', 'images/dummy/dummy-user.png', 'images/dummy/', 'png', 'Sit incidunt beatae et.', '2022-09-03 05:37:22', '2022-09-03 05:37:22'),
(340, 'image', 'laudantium', 'images/dummy/dummy-user.png', 'images/dummy/', 'png', 'Sed ut ut doloribus est earum consequatur nam.', '2022-09-03 05:37:22', '2022-09-03 05:37:22'),
(341, 'image', 'exercitationem', 'images/dummy/dummy-user.png', 'images/dummy/', 'png', 'Repudiandae qui non et sit autem excepturi nulla vel.', '2022-09-03 05:37:22', '2022-09-03 05:37:22'),
(342, 'image', 'corrupti', 'images/dummy/dummy-user.png', 'images/dummy/', 'png', 'Esse velit totam facere rerum expedita quo.', '2022-09-03 05:37:22', '2022-09-03 05:37:22'),
(343, 'image', 'fuga', 'images/dummy/dummy-user.png', 'images/dummy/', 'png', 'Quos voluptatem cumque enim impedit exercitationem tempore aut soluta.', '2022-09-03 05:37:22', '2022-09-03 05:37:22'),
(344, 'image', 'ipsum', 'images/dummy/dummy-user.png', 'images/dummy/', 'png', 'Molestiae rerum omnis inventore possimus corporis esse.', '2022-09-03 05:37:22', '2022-09-03 05:37:22'),
(345, 'image', 'qui', 'images/dummy/dummy-user.png', 'images/dummy/', 'png', 'Veritatis aut nemo quae illo.', '2022-09-03 05:37:22', '2022-09-03 05:37:22'),
(346, 'image', 'neque', 'images/dummy/dummy-user.png', 'images/dummy/', 'png', 'Eligendi voluptatem tempore minima dolores nostrum.', '2022-09-03 05:37:22', '2022-09-03 05:37:22'),
(347, 'image', 'non', 'images/dummy/dummy-user.png', 'images/dummy/', 'png', 'Voluptatem iste perspiciatis tenetur quae natus incidunt.', '2022-09-03 05:37:22', '2022-09-03 05:37:22'),
(348, 'image', 'officiis', 'images/dummy/dummy-user.png', 'images/dummy/', 'png', 'Temporibus similique distinctio explicabo aliquam dicta excepturi.', '2022-09-03 05:37:22', '2022-09-03 05:37:22'),
(349, 'image', 'animi', 'images/dummy/dummy-user.png', 'images/dummy/', 'png', 'Animi id nostrum voluptate ea.', '2022-09-03 05:37:22', '2022-09-03 05:37:22'),
(350, 'image', 'numquam', 'images/dummy/dummy-user.png', 'images/dummy/', 'png', 'Voluptatem voluptate sit nulla sunt autem non et.', '2022-09-03 05:37:22', '2022-09-03 05:37:22'),
(351, 'image', 'aut', 'images/dummy/dummy-user.png', 'images/dummy/', 'png', 'Ut est autem omnis aut dolorem.', '2022-09-03 05:37:22', '2022-09-03 05:37:22'),
(352, 'image', 'enim', 'images/dummy/dummy-user.png', 'images/dummy/', 'png', 'Sunt molestias rerum id non ut.', '2022-09-03 05:37:22', '2022-09-03 05:37:22'),
(353, 'image', 'doloremque', 'images/dummy/dummy-user.png', 'images/dummy/', 'png', 'Rerum fugit quae id quae dolores laborum libero.', '2022-09-03 05:37:22', '2022-09-03 05:37:22'),
(354, 'image', 'est', 'images/dummy/dummy-user.png', 'images/dummy/', 'png', 'Tempore aut occaecati dolorem tenetur repellendus porro velit.', '2022-09-03 05:37:22', '2022-09-03 05:37:22'),
(355, 'image', 'fugit', 'images/dummy/dummy-user.png', 'images/dummy/', 'png', 'Et animi facilis exercitationem vitae enim maiores.', '2022-09-03 05:37:22', '2022-09-03 05:37:22'),
(356, 'image', 'perspiciatis', 'images/dummy/dummy-user.png', 'images/dummy/', 'png', 'At pariatur accusantium nostrum quia.', '2022-09-03 05:37:22', '2022-09-03 05:37:22'),
(357, 'image', 'magnam', 'images/dummy/dummy-user.png', 'images/dummy/', 'png', 'Dolorum est rerum consequatur repellat.', '2022-09-03 05:37:22', '2022-09-03 05:37:22'),
(358, 'image', 'consequatur', 'images/dummy/dummy-user.png', 'images/dummy/', 'png', 'Quisquam aut dolor consequatur blanditiis recusandae iusto.', '2022-09-03 05:37:22', '2022-09-03 05:37:22'),
(359, 'image', 'dolore', 'images/dummy/dummy-user.png', 'images/dummy/', 'png', 'Recusandae possimus nam nulla nemo ab est illo.', '2022-09-03 05:37:22', '2022-09-03 05:37:22'),
(360, 'image', 'distinctio', 'images/dummy/dummy-user.png', 'images/dummy/', 'png', 'Accusantium ipsum omnis omnis voluptate qui odio veniam.', '2022-09-03 05:37:22', '2022-09-03 05:37:22'),
(361, 'image', 'amet', 'images/dummy/dummy-user.png', 'images/dummy/', 'png', 'Aspernatur quia aut blanditiis sit commodi voluptatem reiciendis sit.', '2022-09-03 05:37:22', '2022-09-03 05:37:22'),
(362, 'image', 'omnis', 'images/dummy/dummy-user.png', 'images/dummy/', 'png', 'Quia dolor voluptatibus fugiat ullam assumenda.', '2022-09-03 05:37:22', '2022-09-03 05:37:22'),
(363, 'image', 'qui', 'images/dummy/dummy-user.png', 'images/dummy/', 'png', 'Quia est omnis aut.', '2022-09-03 05:37:22', '2022-09-03 05:37:22'),
(364, 'image', 'pariatur', 'images/dummy/dummy-user.png', 'images/dummy/', 'png', 'Modi et enim praesentium soluta eum eius.', '2022-09-03 05:37:22', '2022-09-03 05:37:22'),
(365, 'image', 'aliquid', 'images/dummy/dummy-user.png', 'images/dummy/', 'png', 'Earum illo quo repellat omnis laudantium quia ut.', '2022-09-03 05:37:22', '2022-09-03 05:37:22'),
(366, 'image', 'nam', 'images/dummy/dummy-user.png', 'images/dummy/', 'png', 'Pariatur deleniti omnis vel voluptatem suscipit.', '2022-09-03 05:37:22', '2022-09-03 05:37:22'),
(367, 'image', 'omnis', 'images/dummy/dummy-user.png', 'images/dummy/', 'png', 'Ut dolorum nemo qui commodi ex voluptatibus earum.', '2022-09-03 05:37:22', '2022-09-03 05:37:22'),
(368, 'image', 'et', 'images/dummy/dummy-user.png', 'images/dummy/', 'png', 'Placeat autem ad expedita dicta.', '2022-09-03 05:37:22', '2022-09-03 05:37:22'),
(369, 'image', 'temporibus', 'images/dummy/dummy-user.png', 'images/dummy/', 'png', 'Odit illum et ullam.', '2022-09-03 05:37:22', '2022-09-03 05:37:22'),
(370, 'image', 'corrupti', 'images/dummy/dummy-user.png', 'images/dummy/', 'png', 'Dignissimos assumenda sit accusantium unde ipsam.', '2022-09-03 05:37:22', '2022-09-03 05:37:22'),
(371, 'image', 'omnis', 'images/dummy/dummy-user.png', 'images/dummy/', 'png', 'Praesentium ipsa commodi ut.', '2022-09-03 05:37:22', '2022-09-03 05:37:22'),
(372, 'image', 'eveniet', 'images/dummy/dummy-user.png', 'images/dummy/', 'png', 'Neque voluptatibus voluptas molestiae culpa.', '2022-09-03 05:37:22', '2022-09-03 05:37:22'),
(373, 'image', 'quae', 'images/dummy/dummy-user.png', 'images/dummy/', 'png', 'Eligendi quas molestiae enim quas.', '2022-09-03 05:37:22', '2022-09-03 05:37:22'),
(374, 'image', 'sint', 'images/dummy/dummy-user.png', 'images/dummy/', 'png', 'Praesentium error voluptatem ut numquam aliquid tenetur.', '2022-09-03 05:37:22', '2022-09-03 05:37:22'),
(375, 'image', 'corrupti', 'images/dummy/dummy-user.png', 'images/dummy/', 'png', 'Id veritatis itaque aut accusamus.', '2022-09-03 05:37:22', '2022-09-03 05:37:22'),
(376, 'image', 'quia', 'images/dummy/dummy-user.png', 'images/dummy/', 'png', 'Laborum modi libero sit quis quibusdam qui.', '2022-09-03 05:37:22', '2022-09-03 05:37:22'),
(377, 'image', 'veniam', 'images/dummy/dummy-user.png', 'images/dummy/', 'png', 'Ex eum suscipit ut eveniet.', '2022-09-03 05:37:22', '2022-09-03 05:37:22'),
(378, 'image', 'est', 'images/dummy/dummy-user.png', 'images/dummy/', 'png', 'Accusamus modi facilis porro necessitatibus soluta et.', '2022-09-03 05:37:22', '2022-09-03 05:37:22'),
(379, 'image', 'minima', 'images/dummy/dummy-user.png', 'images/dummy/', 'png', 'Est eligendi perspiciatis commodi architecto voluptas natus nisi.', '2022-09-03 05:37:22', '2022-09-03 05:37:22'),
(380, 'image', 'enim', 'images/dummy/dummy-user.png', 'images/dummy/', 'png', 'Aut asperiores consequatur corrupti ut distinctio inventore.', '2022-09-03 05:37:22', '2022-09-03 05:37:22'),
(381, 'image', 'repudiandae', 'images/dummy/dummy-user.png', 'images/dummy/', 'png', 'Assumenda est aspernatur deleniti occaecati qui eligendi delectus.', '2022-09-03 05:37:22', '2022-09-03 05:37:22'),
(382, 'image', 'consequatur', 'images/dummy/dummy-user.png', 'images/dummy/', 'png', 'Est ab et quidem sapiente.', '2022-09-03 05:37:22', '2022-09-03 05:37:22'),
(383, 'image', 'repellat', 'images/dummy/dummy-user.png', 'images/dummy/', 'png', 'Ad consequatur aut quae voluptas architecto.', '2022-09-03 05:37:22', '2022-09-03 05:37:22'),
(384, 'image', 'voluptatem', 'images/dummy/dummy-user.png', 'images/dummy/', 'png', 'Id dignissimos nobis totam ea aspernatur quo nihil.', '2022-09-03 05:37:22', '2022-09-03 05:37:22'),
(385, 'image', 'et', 'images/dummy/dummy-user.png', 'images/dummy/', 'png', 'Ipsa aut minima soluta odit.', '2022-09-03 05:37:22', '2022-09-03 05:37:22'),
(386, 'image', 'voluptas', 'images/dummy/dummy-user.png', 'images/dummy/', 'png', 'Vero enim quis deleniti a dolorum aut.', '2022-09-03 05:37:23', '2022-09-03 05:37:23'),
(387, 'image', 'nobis', 'images/dummy/dummy-user.png', 'images/dummy/', 'png', 'Reprehenderit placeat perferendis ullam velit hic.', '2022-09-03 05:37:23', '2022-09-03 05:37:23'),
(388, 'image', 'ipsam', 'images/dummy/dummy-user.png', 'images/dummy/', 'png', 'Voluptatum aliquid et autem eos et.', '2022-09-03 05:37:23', '2022-09-03 05:37:23'),
(389, 'image', 'qui', 'images/dummy/dummy-user.png', 'images/dummy/', 'png', 'Quas amet deleniti qui aut nobis.', '2022-09-03 05:37:23', '2022-09-03 05:37:23'),
(390, 'image', 'et', 'images/dummy/dummy-user.png', 'images/dummy/', 'png', 'Est ab nulla ut porro eveniet a distinctio molestiae.', '2022-09-03 05:37:23', '2022-09-03 05:37:23'),
(391, 'image', 'eligendi', 'images/dummy/dummy-user.png', 'images/dummy/', 'png', 'Facere eos sed distinctio magnam amet similique ratione.', '2022-09-03 05:37:23', '2022-09-03 05:37:23'),
(392, 'image', 'perspiciatis', 'images/dummy/dummy-user.png', 'images/dummy/', 'png', 'Labore magnam debitis est iure eveniet veniam.', '2022-09-03 05:37:23', '2022-09-03 05:37:23'),
(393, 'image', 'in', 'images/dummy/dummy-user.png', 'images/dummy/', 'png', 'Aliquid quo magnam fuga aliquid et quis tempore eveniet.', '2022-09-03 05:37:23', '2022-09-03 05:37:23'),
(394, 'image', 'beatae', 'images/dummy/dummy-user.png', 'images/dummy/', 'png', 'Aspernatur dignissimos quaerat est enim expedita vel illum.', '2022-09-03 05:37:23', '2022-09-03 05:37:23'),
(395, 'image', 'maiores', 'images/dummy/dummy-user.png', 'images/dummy/', 'png', 'Hic quo voluptates molestiae voluptatem repellat nobis at.', '2022-09-03 05:37:23', '2022-09-03 05:37:23'),
(396, 'image', 'dolores', 'images/dummy/dummy-user.png', 'images/dummy/', 'png', 'Quae non repudiandae autem est.', '2022-09-03 05:37:23', '2022-09-03 05:37:23'),
(397, 'image', 'distinctio', 'images/dummy/dummy-user.png', 'images/dummy/', 'png', 'Quo aut veniam voluptatem maxime repudiandae cum.', '2022-09-03 05:37:23', '2022-09-03 05:37:23'),
(398, 'image', 'qui', 'images/dummy/dummy-user.png', 'images/dummy/', 'png', 'Autem laborum est vitae earum sunt provident et.', '2022-09-03 05:37:23', '2022-09-03 05:37:23'),
(399, 'image', 'maxime', 'images/dummy/dummy-user.png', 'images/dummy/', 'png', 'Omnis neque est quia eum repudiandae sint.', '2022-09-03 05:37:23', '2022-09-03 05:37:23'),
(400, 'image', 'necessitatibus', 'images/dummy/dummy-user.png', 'images/dummy/', 'png', 'Soluta dignissimos alias neque ad iure harum.', '2022-09-03 05:37:23', '2022-09-03 05:37:23'),
(401, 'image', 'natus', 'images/dummy/dummy-user.png', 'images/dummy/', 'png', 'Vitae cupiditate in vel.', '2022-09-03 05:37:23', '2022-09-03 05:37:23'),
(402, 'image', 'repellendus', 'images/dummy/dummy-user.png', 'images/dummy/', 'png', 'Voluptatibus quia reprehenderit harum in numquam voluptate doloremque.', '2022-09-03 05:37:23', '2022-09-03 05:37:23'),
(403, 'image', 'consequuntur', 'images/dummy/dummy-user.png', 'images/dummy/', 'png', 'Et facilis est esse voluptatum.', '2022-09-03 05:37:23', '2022-09-03 05:37:23'),
(404, 'image', 'dolorem', 'images/dummy/dummy-user.png', 'images/dummy/', 'png', 'Id itaque ut velit eos et.', '2022-09-03 05:37:23', '2022-09-03 05:37:23'),
(405, 'image', 'quae', 'images/dummy/dummy-user.png', 'images/dummy/', 'png', 'Aliquam cum numquam est qui eum et et.', '2022-09-03 05:37:23', '2022-09-03 05:37:23'),
(406, 'image', 'illum', 'images/dummy/dummy-user.png', 'images/dummy/', 'png', 'Quidem repellat neque quos sit autem magnam quidem.', '2022-09-03 05:37:23', '2022-09-03 05:37:23'),
(407, 'image', 'dicta', 'images/dummy/dummy-user.png', 'images/dummy/', 'png', 'Vel in quas molestiae sint saepe.', '2022-09-03 05:37:23', '2022-09-03 05:37:23'),
(408, 'image', 'facilis', 'images/dummy/dummy-user.png', 'images/dummy/', 'png', 'Id voluptate est tempore reiciendis atque nulla.', '2022-09-03 05:37:23', '2022-09-03 05:37:23'),
(409, 'image', 'ut', 'images/dummy/dummy-user.png', 'images/dummy/', 'png', 'Eveniet nam aut sint unde necessitatibus velit.', '2022-09-03 05:37:23', '2022-09-03 05:37:23'),
(410, 'image', 'tempore', 'images/dummy/dummy-user.png', 'images/dummy/', 'png', 'Deserunt ad recusandae numquam iusto.', '2022-09-03 05:37:23', '2022-09-03 05:37:23'),
(411, 'image', 'sequi', 'images/dummy/dummy-user.png', 'images/dummy/', 'png', 'Quidem et doloribus eveniet omnis quod fuga.', '2022-09-03 05:37:23', '2022-09-03 05:37:23'),
(412, 'image', 'natus', 'images/dummy/dummy-user.png', 'images/dummy/', 'png', 'Est consequatur voluptatibus aperiam at rerum eaque non quis.', '2022-09-03 05:37:23', '2022-09-03 05:37:23'),
(413, 'image', 'et', 'images/dummy/dummy-user.png', 'images/dummy/', 'png', 'Eius et architecto non amet consectetur nihil quia.', '2022-09-03 05:37:23', '2022-09-03 05:37:23'),
(414, 'image', 'excepturi', 'images/dummy/dummy-user.png', 'images/dummy/', 'png', 'Nesciunt minus maxime facilis facere atque officia debitis.', '2022-09-03 05:37:23', '2022-09-03 05:37:23'),
(415, 'image', 'voluptate', 'images/dummy/dummy-user.png', 'images/dummy/', 'png', 'Rerum nobis laborum consectetur eum doloremque.', '2022-09-03 05:37:23', '2022-09-03 05:37:23'),
(416, 'image', 'et', 'images/dummy/dummy-user.png', 'images/dummy/', 'png', 'Ea non tenetur rerum expedita iusto.', '2022-09-03 05:37:23', '2022-09-03 05:37:23'),
(417, 'image', 'aut', 'images/dummy/dummy-user.png', 'images/dummy/', 'png', 'At sit natus accusantium assumenda illo et aut.', '2022-09-03 05:37:23', '2022-09-03 05:37:23'),
(418, 'image', 'quibusdam', 'images/dummy/dummy-user.png', 'images/dummy/', 'png', 'Dolorum vel ab voluptas non.', '2022-09-03 05:37:23', '2022-09-03 05:37:23'),
(419, 'image', 'sed', 'images/dummy/dummy-user.png', 'images/dummy/', 'png', 'Aut quia sed in aut deleniti.', '2022-09-03 05:37:23', '2022-09-03 05:37:23'),
(420, 'image', 'porro', 'images/dummy/dummy-user.png', 'images/dummy/', 'png', 'Tempore iusto quia sequi.', '2022-09-03 05:37:23', '2022-09-03 05:37:23'),
(421, 'image', 'non', 'images/dummy/dummy-user.png', 'images/dummy/', 'png', 'Dolorem autem laudantium laborum debitis ex.', '2022-09-03 05:37:23', '2022-09-03 05:37:23'),
(422, 'image', 'et', 'images/dummy/dummy-user.png', 'images/dummy/', 'png', 'Tenetur tempora ducimus ut qui eos.', '2022-09-03 05:37:23', '2022-09-03 05:37:23'),
(423, 'image', 'qui', 'images/dummy/dummy-user.png', 'images/dummy/', 'png', 'Quis et omnis qui.', '2022-09-03 05:37:23', '2022-09-03 05:37:23'),
(424, 'image', 'ipsam', 'images/dummy/dummy-user.png', 'images/dummy/', 'png', 'Repellendus iure non laborum quae eum.', '2022-09-03 05:37:23', '2022-09-03 05:37:23'),
(425, 'image', 'amet', 'images/dummy/dummy-user.png', 'images/dummy/', 'png', 'Consequuntur perferendis unde exercitationem nobis inventore nisi.', '2022-09-03 05:37:23', '2022-09-03 05:37:23'),
(426, 'image', 'aliquam', 'images/dummy/dummy-user.png', 'images/dummy/', 'png', 'Voluptatem mollitia in aspernatur necessitatibus autem in.', '2022-09-03 05:37:23', '2022-09-03 05:37:23'),
(427, 'image', 'qui', 'images/dummy/dummy-user.png', 'images/dummy/', 'png', 'Iure exercitationem qui consequatur est iste est quod rem.', '2022-09-03 05:37:23', '2022-09-03 05:37:23'),
(428, 'image', 'maxime', 'images/dummy/dummy-user.png', 'images/dummy/', 'png', 'Ut est quibusdam a.', '2022-09-03 05:37:23', '2022-09-03 05:37:23'),
(429, 'image', 'ut', 'images/dummy/dummy-user.png', 'images/dummy/', 'png', 'Earum aliquid in aliquam enim ad libero.', '2022-09-03 05:37:23', '2022-09-03 05:37:23'),
(430, 'image', 'sit', 'images/dummy/dummy-user.png', 'images/dummy/', 'png', 'Doloribus omnis ab qui natus.', '2022-09-03 05:37:24', '2022-09-03 05:37:24'),
(431, 'image', 'nam', 'images/dummy/dummy-user.png', 'images/dummy/', 'png', 'Consequatur non quam veritatis architecto cum aliquam eum.', '2022-09-03 05:37:24', '2022-09-03 05:37:24'),
(432, 'image', 'nobis', 'images/dummy/dummy-user.png', 'images/dummy/', 'png', 'Fugiat illo rerum quaerat omnis.', '2022-09-03 05:37:24', '2022-09-03 05:37:24'),
(433, 'image', 'sit', 'images/dummy/dummy-user.png', 'images/dummy/', 'png', 'Non atque aut et modi animi.', '2022-09-03 05:37:24', '2022-09-03 05:37:24'),
(434, 'image', 'maiores', 'images/dummy/dummy-user.png', 'images/dummy/', 'png', 'Molestiae nihil illum numquam perferendis nobis.', '2022-09-03 05:37:24', '2022-09-03 05:37:24'),
(435, 'image', 'iste', 'images/dummy/dummy-user.png', 'images/dummy/', 'png', 'Doloribus soluta delectus sit sit atque eum illum.', '2022-09-03 05:37:24', '2022-09-03 05:37:24'),
(436, 'image', 'temporibus', 'images/dummy/dummy-user.png', 'images/dummy/', 'png', 'Cumque architecto saepe tenetur expedita qui maiores vitae.', '2022-09-03 05:37:24', '2022-09-03 05:37:24'),
(437, 'image', 'maiores', 'images/dummy/dummy-user.png', 'images/dummy/', 'png', 'Qui nulla voluptatum sit possimus tempora placeat repellendus.', '2022-09-03 05:37:24', '2022-09-03 05:37:24'),
(438, 'image', 'voluptatem', 'images/dummy/dummy-user.png', 'images/dummy/', 'png', 'Aut dolorem voluptas eligendi.', '2022-09-03 05:37:24', '2022-09-03 05:37:24'),
(439, 'image', 'ex', 'images/dummy/dummy-user.png', 'images/dummy/', 'png', 'Sit et recusandae molestiae sapiente iure soluta consectetur.', '2022-09-03 05:37:24', '2022-09-03 05:37:24'),
(440, 'image', 'velit', 'images/dummy/dummy-user.png', 'images/dummy/', 'png', 'Consequatur facere et magni sit.', '2022-09-03 05:37:24', '2022-09-03 05:37:24'),
(441, 'image', 'sapiente', 'images/dummy/dummy-user.png', 'images/dummy/', 'png', 'Iusto nihil officia in reprehenderit.', '2022-09-03 05:37:24', '2022-09-03 05:37:24'),
(442, 'image', 'aut', 'images/dummy/dummy-user.png', 'images/dummy/', 'png', 'Molestiae magni nam laboriosam aut consequatur id non.', '2022-09-03 05:37:24', '2022-09-03 05:37:24'),
(443, 'image', 'est', 'images/dummy/dummy-user.png', 'images/dummy/', 'png', 'Voluptas adipisci asperiores enim corporis consectetur ducimus.', '2022-09-03 05:37:24', '2022-09-03 05:37:24'),
(444, 'image', 'quo', 'images/dummy/dummy-user.png', 'images/dummy/', 'png', 'Omnis quia odio consequatur fugiat eum.', '2022-09-03 05:37:24', '2022-09-03 05:37:24'),
(445, 'image', 'qui', 'images/dummy/dummy-user.png', 'images/dummy/', 'png', 'Odio et hic nihil autem et voluptates sunt.', '2022-09-03 05:37:24', '2022-09-03 05:37:24'),
(446, 'image', 'quia', 'images/dummy/dummy-user.png', 'images/dummy/', 'png', 'Molestiae porro rem explicabo et dolorem quaerat.', '2022-09-03 05:37:24', '2022-09-03 05:37:24'),
(447, 'image', 'excepturi', 'images/dummy/dummy-user.png', 'images/dummy/', 'png', 'Temporibus quis consequatur suscipit distinctio amet.', '2022-09-03 05:37:24', '2022-09-03 05:37:24'),
(448, 'image', 'neque', 'images/dummy/dummy-user.png', 'images/dummy/', 'png', 'Eum unde perspiciatis qui velit rerum.', '2022-09-03 05:37:24', '2022-09-03 05:37:24'),
(449, 'image', 'ipsa', 'images/dummy/dummy-user.png', 'images/dummy/', 'png', 'Quod est ut ut non.', '2022-09-03 05:37:24', '2022-09-03 05:37:24'),
(450, 'image', 'sint', 'images/dummy/dummy-user.png', 'images/dummy/', 'png', 'Odio dolore unde tempore incidunt.', '2022-09-03 05:37:24', '2022-09-03 05:37:24'),
(451, 'image', 'quae', 'images/dummy/dummy-user.png', 'images/dummy/', 'png', 'Et ut magnam et quo molestiae.', '2022-09-03 05:37:24', '2022-09-03 05:37:24'),
(452, 'image', 'est', 'images/dummy/dummy-user.png', 'images/dummy/', 'png', 'Atque laborum ea corporis quia qui sed et.', '2022-09-03 05:37:24', '2022-09-03 05:37:24'),
(453, 'image', 'ut', 'images/dummy/dummy-user.png', 'images/dummy/', 'png', 'Quasi quibusdam perferendis perspiciatis asperiores eos magni sit.', '2022-09-03 05:37:24', '2022-09-03 05:37:24'),
(454, 'image', 'et', 'images/dummy/dummy-user.png', 'images/dummy/', 'png', 'Et est voluptas deleniti autem voluptas odio.', '2022-09-03 05:37:24', '2022-09-03 05:37:24'),
(455, 'image', 'sint', 'images/dummy/dummy-user.png', 'images/dummy/', 'png', 'Expedita consequatur molestiae ut inventore tempore laudantium.', '2022-09-03 05:37:24', '2022-09-03 05:37:24'),
(456, 'image', 'architecto', 'images/dummy/dummy-user.png', 'images/dummy/', 'png', 'Illo asperiores optio optio quam.', '2022-09-03 05:37:24', '2022-09-03 05:37:24'),
(457, 'image', 'aliquid', 'images/dummy/dummy-user.png', 'images/dummy/', 'png', 'Nulla earum corrupti odio corporis.', '2022-09-03 05:37:24', '2022-09-03 05:37:24'),
(458, 'image', 'rerum', 'images/dummy/dummy-user.png', 'images/dummy/', 'png', 'Dicta a blanditiis id quo.', '2022-09-03 05:37:24', '2022-09-03 05:37:24'),
(459, 'image', 'totam', 'images/dummy/dummy-user.png', 'images/dummy/', 'png', 'Inventore facilis ut dolores quia et tempora quis.', '2022-09-03 05:37:24', '2022-09-03 05:37:24'),
(460, 'image', 'illum', 'images/dummy/dummy-user.png', 'images/dummy/', 'png', 'Eos aut quam eos aut asperiores ducimus.', '2022-09-03 05:37:24', '2022-09-03 05:37:24'),
(461, 'image', 'cumque', 'images/dummy/dummy-user.png', 'images/dummy/', 'png', 'Reiciendis beatae dolorem molestiae impedit.', '2022-09-03 05:37:24', '2022-09-03 05:37:24'),
(462, 'image', 'ut', 'images/dummy/dummy-user.png', 'images/dummy/', 'png', 'Molestiae nihil est asperiores explicabo non omnis eligendi.', '2022-09-03 05:37:24', '2022-09-03 05:37:24'),
(463, 'image', 'porro', 'images/dummy/dummy-user.png', 'images/dummy/', 'png', 'Qui omnis consequuntur voluptatibus veniam repudiandae voluptas repellendus.', '2022-09-03 05:37:24', '2022-09-03 05:37:24'),
(464, 'image', 'quisquam', 'images/dummy/dummy-user.png', 'images/dummy/', 'png', 'Est temporibus est unde vitae.', '2022-09-03 05:37:24', '2022-09-03 05:37:24'),
(465, 'image', 'odit', 'images/dummy/dummy-user.png', 'images/dummy/', 'png', 'Laboriosam consectetur totam fugit eligendi.', '2022-09-03 05:37:24', '2022-09-03 05:37:24'),
(466, 'image', 'quia', 'images/dummy/dummy-user.png', 'images/dummy/', 'png', 'Voluptatem sunt delectus autem dolores dicta.', '2022-09-03 05:37:24', '2022-09-03 05:37:24'),
(467, 'image', 'corporis', 'images/dummy/dummy-user.png', 'images/dummy/', 'png', 'Fuga dolor eos qui quia non ab.', '2022-09-03 05:37:24', '2022-09-03 05:37:24'),
(468, 'image', 'ea', 'images/dummy/dummy-user.png', 'images/dummy/', 'png', 'Qui numquam esse voluptas distinctio aperiam dolores nisi eos.', '2022-09-03 05:37:24', '2022-09-03 05:37:24'),
(469, 'image', 'accusamus', 'images/dummy/dummy-user.png', 'images/dummy/', 'png', 'At fugit amet in dolor.', '2022-09-03 05:37:24', '2022-09-03 05:37:24'),
(470, 'image', 'iste', 'images/dummy/dummy-user.png', 'images/dummy/', 'png', 'Dolor deleniti qui nisi dolorem.', '2022-09-03 05:37:24', '2022-09-03 05:37:24'),
(471, 'image', 'error', 'images/dummy/dummy-user.png', 'images/dummy/', 'png', 'Repudiandae ut commodi adipisci vel vel sed delectus.', '2022-09-03 05:37:24', '2022-09-03 05:37:24'),
(472, 'image', 'sapiente', 'images/dummy/dummy-user.png', 'images/dummy/', 'png', 'Provident id cum quis velit ut praesentium velit.', '2022-09-03 05:37:24', '2022-09-03 05:37:24'),
(473, 'image', 'veniam', 'images/dummy/dummy-user.png', 'images/dummy/', 'png', 'Aperiam autem sunt quo labore impedit et ut iste.', '2022-09-03 05:37:24', '2022-09-03 05:37:24'),
(474, 'image', 'ad', 'images/dummy/dummy-user.png', 'images/dummy/', 'png', 'Blanditiis quo ratione qui et dolores.', '2022-09-03 05:37:25', '2022-09-03 05:37:25'),
(475, 'image', 'voluptatem', 'images/dummy/dummy-user.png', 'images/dummy/', 'png', 'Possimus est eveniet culpa vero facere rem.', '2022-09-03 05:37:25', '2022-09-03 05:37:25'),
(476, 'image', 'eligendi', 'images/dummy/dummy-user.png', 'images/dummy/', 'png', 'Fuga non qui illo omnis eaque labore.', '2022-09-03 05:37:25', '2022-09-03 05:37:25'),
(477, 'image', 'culpa', 'images/dummy/dummy-user.png', 'images/dummy/', 'png', 'Earum omnis perferendis vel voluptatibus voluptatem error.', '2022-09-03 05:37:25', '2022-09-03 05:37:25'),
(478, 'image', 'distinctio', 'images/dummy/dummy-user.png', 'images/dummy/', 'png', 'Eum praesentium provident dicta quia commodi corporis officiis.', '2022-09-03 05:37:25', '2022-09-03 05:37:25'),
(479, 'image', 'possimus', 'images/dummy/dummy-user.png', 'images/dummy/', 'png', 'Ullam sunt harum aperiam nostrum beatae eligendi asperiores.', '2022-09-03 05:37:25', '2022-09-03 05:37:25'),
(480, 'image', 'deserunt', 'images/dummy/dummy-user.png', 'images/dummy/', 'png', 'Facilis et fugit ad et vel.', '2022-09-03 05:37:25', '2022-09-03 05:37:25'),
(481, 'image', 'praesentium', 'images/dummy/dummy-user.png', 'images/dummy/', 'png', 'Similique quia sunt porro voluptates.', '2022-09-03 05:37:25', '2022-09-03 05:37:25'),
(482, 'image', 'incidunt', 'images/dummy/dummy-user.png', 'images/dummy/', 'png', 'Qui quia aut architecto nihil esse.', '2022-09-03 05:37:25', '2022-09-03 05:37:25'),
(483, 'image', 'dicta', 'images/dummy/dummy-user.png', 'images/dummy/', 'png', 'Magni quia sunt labore tenetur harum expedita.', '2022-09-03 05:37:25', '2022-09-03 05:37:25'),
(484, 'image', 'voluptatem', 'images/dummy/dummy-user.png', 'images/dummy/', 'png', 'Suscipit repellendus magni quidem ut.', '2022-09-03 05:37:25', '2022-09-03 05:37:25'),
(485, 'image', 'incidunt', 'images/dummy/dummy-user.png', 'images/dummy/', 'png', 'Deserunt illo est facilis sed facere rerum ratione et.', '2022-09-03 05:37:25', '2022-09-03 05:37:25'),
(486, 'image', 'man.png', 'images/customers/Ve3SpsivyXlwaeIimu4QNAp0nXZddmv3pRb9qBhD.png', 'images/customers/Ve3SpsivyXlwaeIimu4QNAp0nXZddmv3pRb9qBhD.png', 'png', NULL, '2022-09-04 06:36:54', '2022-09-04 06:40:59'),
(487, 'image', 'photo-1564013799919-ab600027ffc6.jpeg', 'images/posts/AuOlQofVDJ8o2Ax2vRoJgutaYcvdDLT4CoZD2Bc6.jpg', 'images/posts/AuOlQofVDJ8o2Ax2vRoJgutaYcvdDLT4CoZD2Bc6.jpg', 'jpg', 'post image', '2022-09-07 23:17:23', '2022-09-08 06:13:58'),
(488, 'image', '1d7db15c84f6c4d8288f6c03473b01aa-p_e.jpg', 'images/posts/ykUDWBgobunj3ckYeFC6vdFAocETPqjEtMYqRaLi.jpg', 'images/posts/ykUDWBgobunj3ckYeFC6vdFAocETPqjEtMYqRaLi.jpg', 'jpg', 'post image', '2022-09-07 23:17:23', '2022-09-08 06:13:58'),
(489, 'image', 'sell-a-house-fast-in-Greenfield-Wisconsin-1800x800.jpg', 'images/posts/T1bxhe8Dr5TKURvBLFOEiVIA5bWY56EiuXAz9Wec.jpg', 'images/posts/T1bxhe8Dr5TKURvBLFOEiVIA5bWY56EiuXAz9Wec.jpg', 'jpg', 'post image', '2022-09-07 23:17:23', '2022-09-08 06:13:58'),
(490, 'image', 'photo-1564013799919-ab600027ffc6.jpeg', 'images/posts/mYSjwI22fyZ6yGmFbyDF9MddKGJLBp8RwKewNZjQ.jpg', 'images/posts/mYSjwI22fyZ6yGmFbyDF9MddKGJLBp8RwKewNZjQ.jpg', 'jpg', NULL, '2022-09-08 04:12:23', '2022-09-08 04:12:23'),
(491, 'image', '07dcb1b1e528f1b71db581391fd2e56b-p_e.jpg', 'images/posts/f29kzVtx7CbqPnvGBUijNCjwHvjLRRPFoq1WXpb6.jpg', 'images/posts/f29kzVtx7CbqPnvGBUijNCjwHvjLRRPFoq1WXpb6.jpg', 'jpg', NULL, '2022-09-08 04:12:24', '2022-09-08 04:12:24'),
(492, 'image', 'debc5fbf05ff457c49a07e3752df5ebc-p_e.jpg', 'images/posts/N28YQSCW4tfqS7osouAviXoVPauCiNkVDTux8aPz.jpg', 'images/posts/N28YQSCW4tfqS7osouAviXoVPauCiNkVDTux8aPz.jpg', 'jpg', NULL, '2022-09-08 04:12:24', '2022-09-08 04:12:24'),
(493, 'image', '1.jpg', 'images/posts/vK2yBNwXsBlV9dvIYuFVye1mLY42jmHuNQblHtt5.jpg', 'images/posts/vK2yBNwXsBlV9dvIYuFVye1mLY42jmHuNQblHtt5.jpg', 'jpg', NULL, '2022-09-08 04:12:24', '2022-09-08 04:12:24'),
(494, 'image', '07dcb1b1e528f1b71db581391fd2e56b-p_e.jpg', 'images/posts/617bkZSunWlM5YBSi4tBQ3s0pukFTTUZkbLuKvXf.jpg', 'images/posts/617bkZSunWlM5YBSi4tBQ3s0pukFTTUZkbLuKvXf.jpg', 'jpg', NULL, '2022-09-08 04:46:58', '2022-09-08 04:46:58'),
(495, 'image', 'debc5fbf05ff457c49a07e3752df5ebc-p_e.jpg', 'images/posts/u4ps0bhLMp9t2OvmBD3TD2qKsrcVrA7SCnA3WeF3.jpg', 'images/posts/u4ps0bhLMp9t2OvmBD3TD2qKsrcVrA7SCnA3WeF3.jpg', 'jpg', 'post image', '2022-09-08 07:04:44', '2022-09-08 07:04:44'),
(496, 'image', 'photo-1564013799919-ab600027ffc6.jpeg', 'images/posts/wco8BRG3ElPs4DFIyeqCmJis83xBnVMw9nfDfxrA.jpg', 'images/posts/wco8BRG3ElPs4DFIyeqCmJis83xBnVMw9nfDfxrA.jpg', 'jpg', 'post image', '2022-09-08 07:04:44', '2022-09-08 07:04:44'),
(497, 'image', 'CompleteSolution_Q1_2020_557_YardSign2.jpg', 'images/posts/WBKWpCatj1085zpAq9u2xDklj2GEXIoc0pwLtfEQ.jpg', 'images/posts/WBKWpCatj1085zpAq9u2xDklj2GEXIoc0pwLtfEQ.jpg', 'jpg', 'post image', '2022-09-08 07:04:44', '2022-09-08 07:04:44'),
(498, 'image', 'sell-a-house-fast-in-Greenfield-Wisconsin-1800x800.jpg', 'images/posts/kHW2FTqQSDQBkaqED28JQFr07h02VkLd0rvrTcGF.jpg', 'images/posts/kHW2FTqQSDQBkaqED28JQFr07h02VkLd0rvrTcGF.jpg', 'jpg', 'post image', '2022-09-08 07:04:44', '2022-09-08 07:04:44'),
(499, 'image', 'screencapture-elaundry-razinsoft-checkout-2022-09-17-15_09_34.png', 'images/posts/zlGrh3eHfFGNeQLmr7r6mSpSCjdn1UUy8gh8sLPi.png', 'images/posts/zlGrh3eHfFGNeQLmr7r6mSpSCjdn1UUy8gh8sLPi.png', 'png', 'post image', '2022-11-06 06:01:51', '2022-11-06 06:01:51'),
(500, 'image', 'screencapture-localhost-3000-my-order-41-2022-09-13-15_39_20.png', 'images/posts/ZhJyCXKtHOPb18VXlhzEt33c0Oj9bHCsPOvm5qhb.png', 'images/posts/ZhJyCXKtHOPb18VXlhzEt33c0Oj9bHCsPOvm5qhb.png', 'png', 'post image', '2022-11-06 06:01:51', '2022-11-06 06:01:51'),
(501, 'image', 'screencapture-elaundry-razinsoft-checkout-2022-09-17-15_09_34.png', 'images/posts/r7Eao88JHlAGWMGDr2Y3CJR7jz55HcHbY0Ht3AIX.png', 'images/posts/r7Eao88JHlAGWMGDr2Y3CJR7jz55HcHbY0Ht3AIX.png', 'png', 'post image', '2022-11-13 04:31:18', '2022-11-13 04:31:18'),
(502, 'image', 'screencapture-localhost-3000-my-order-41-2022-09-13-15_39_20.png', 'images/posts/dDMG2wyuKbrpgosKahhPy18KS1YLHJh6UtZGktYC.png', 'images/posts/dDMG2wyuKbrpgosKahhPy18KS1YLHJh6UtZGktYC.png', 'png', 'post image', '2022-11-13 04:31:18', '2022-11-13 04:31:18');

-- --------------------------------------------------------

--
-- Table structure for table `messages`
--

CREATE TABLE `messages` (
  `id` bigint UNSIGNED NOT NULL,
  `name` varchar(255) COLLATE utf8mb4_unicode_ci NOT NULL,
  `email` varchar(255) COLLATE utf8mb4_unicode_ci NOT NULL,
  `phone` varchar(255) COLLATE utf8mb4_unicode_ci NOT NULL,
  `occupation` varchar(255) COLLATE utf8mb4_unicode_ci NOT NULL,
  `message` longtext COLLATE utf8mb4_unicode_ci NOT NULL,
  `created_at` timestamp NULL DEFAULT NULL,
  `updated_at` timestamp NULL DEFAULT NULL
) ENGINE=InnoDB DEFAULT CHARSET=utf8mb4 COLLATE=utf8mb4_unicode_ci;

--
-- Dumping data for table `messages`
--

INSERT INTO `messages` (`id`, `name`, `email`, `phone`, `occupation`, `message`, `created_at`, `updated_at`) VALUES
(1, 'Arafat', 'arafat@gmail.com', '01235234652435', 'dsf', 'message gone here', '2022-09-11 04:28:09', '2022-09-11 04:28:09');

-- --------------------------------------------------------

--
-- Table structure for table `migrations`
--

CREATE TABLE `migrations` (
  `id` int UNSIGNED NOT NULL,
  `migration` varchar(255) COLLATE utf8mb4_unicode_ci NOT NULL,
  `batch` int NOT NULL
) ENGINE=InnoDB DEFAULT CHARSET=utf8mb4 COLLATE=utf8mb4_unicode_ci;

--
-- Dumping data for table `migrations`
--

INSERT INTO `migrations` (`id`, `migration`, `batch`) VALUES
(1, '2010_05_12_164656_create_medias_table', 1),
(2, '2014_10_12_000000_create_users_table', 1),
(3, '2014_10_12_100000_create_password_resets_table', 1),
(4, '2016_06_01_000001_create_oauth_auth_codes_table', 1),
(5, '2016_06_01_000002_create_oauth_access_tokens_table', 1),
(6, '2016_06_01_000003_create_oauth_refresh_tokens_table', 1),
(7, '2016_06_01_000004_create_oauth_clients_table', 1),
(8, '2016_06_01_000005_create_oauth_personal_access_clients_table', 1),
(9, '2019_08_19_000000_create_failed_jobs_table', 1),
(10, '2019_12_14_000001_create_personal_access_tokens_table', 1),
(11, '2022_05_11_053400_create_customers_table', 1),
(12, '2022_05_12_164930_create_rents_table', 1),
(13, '2022_05_12_165210_create_costs_table', 1),
(14, '2022_05_12_165253_create_facilities_table', 1),
(15, '2022_05_12_165356_create_rent_thumbnails_table', 1),
(16, '2022_05_12_165400_create_cities_table', 1),
(17, '2022_05_12_165410_create_areas_table', 1),
(18, '2022_05_12_165412_create_rent_infos_table', 1),
(19, '2022_05_12_165434_create_religions_table', 1),
(20, '2022_05_12_165507_create_messages_table', 1),
(21, '2022_05_12_165538_create_favorites_table', 1),
(22, '2022_05_12_180143_create_for_rents_table', 1),
(23, '2022_05_12_181305_create_permission_tables', 1),
(24, '2022_05_19_050442_create_otps_table', 1),
(25, '2022_06_11_065329_create_currencies_table', 1),
(27, '2022_09_12_045811_create_socials_table', 2),
(28, '2022_11_13_115736_add_price_to_rents_table', 3);

-- --------------------------------------------------------

--
-- Table structure for table `model_has_permissions`
--

CREATE TABLE `model_has_permissions` (
  `permission_id` bigint UNSIGNED NOT NULL,
  `model_type` varchar(255) COLLATE utf8mb4_unicode_ci NOT NULL,
  `model_id` bigint UNSIGNED NOT NULL
) ENGINE=InnoDB DEFAULT CHARSET=utf8mb4 COLLATE=utf8mb4_unicode_ci;

-- --------------------------------------------------------

--
-- Table structure for table `model_has_roles`
--

CREATE TABLE `model_has_roles` (
  `role_id` bigint UNSIGNED NOT NULL,
  `model_type` varchar(255) COLLATE utf8mb4_unicode_ci NOT NULL,
  `model_id` bigint UNSIGNED NOT NULL
) ENGINE=InnoDB DEFAULT CHARSET=utf8mb4 COLLATE=utf8mb4_unicode_ci;

--
-- Dumping data for table `model_has_roles`
--

INSERT INTO `model_has_roles` (`role_id`, `model_type`, `model_id`) VALUES
(2, 'App\\Models\\User', 1),
(3, 'App\\Models\\User', 3),
(3, 'App\\Models\\User', 4),
(3, 'App\\Models\\User', 5),
(3, 'App\\Models\\User', 6),
(3, 'App\\Models\\User', 7),
(3, 'App\\Models\\User', 8),
(3, 'App\\Models\\User', 9),
(3, 'App\\Models\\User', 10),
(3, 'App\\Models\\User', 11),
(3, 'App\\Models\\User', 12),
(3, 'App\\Models\\User', 13),
(3, 'App\\Models\\User', 14),
(3, 'App\\Models\\User', 15),
(3, 'App\\Models\\User', 16),
(3, 'App\\Models\\User', 17),
(3, 'App\\Models\\User', 18),
(3, 'App\\Models\\User', 19),
(3, 'App\\Models\\User', 20);

-- --------------------------------------------------------

--
-- Table structure for table `oauth_access_tokens`
--

CREATE TABLE `oauth_access_tokens` (
  `id` varchar(100) COLLATE utf8mb4_unicode_ci NOT NULL,
  `user_id` bigint UNSIGNED DEFAULT NULL,
  `client_id` bigint UNSIGNED NOT NULL,
  `name` varchar(255) COLLATE utf8mb4_unicode_ci DEFAULT NULL,
  `scopes` text COLLATE utf8mb4_unicode_ci,
  `revoked` tinyint(1) NOT NULL,
  `created_at` timestamp NULL DEFAULT NULL,
  `updated_at` timestamp NULL DEFAULT NULL,
  `expires_at` datetime DEFAULT NULL
) ENGINE=InnoDB DEFAULT CHARSET=utf8mb4 COLLATE=utf8mb4_unicode_ci;

--
-- Dumping data for table `oauth_access_tokens`
--

INSERT INTO `oauth_access_tokens` (`id`, `user_id`, `client_id`, `name`, `scopes`, `revoked`, `created_at`, `updated_at`, `expires_at`) VALUES
('05735cf641f996014cee2dfc980343caaedb046a23275ff53b664e6f43ba0b1b6d992a5e04f54171', 18, 3, 'user token', '[]', 1, '2022-09-04 06:10:14', '2022-09-04 06:10:14', '2023-09-04 12:10:14'),
('168d0b862a4265bf7e0f1430adadae22f07d834b24299980082235caaa4166b3c142a6c840c216b9', 18, 3, 'user token', '[]', 0, '2022-09-12 05:12:22', '2022-09-12 05:12:22', '2023-09-12 11:12:22'),
('17cbe6839ee73927ac06e5088d18df7fc6a8f2b92662439432ecc7010a7ed4902c171dce7cf76f4b', 18, 3, 'user token', '[]', 1, '2022-09-04 06:45:13', '2022-09-04 06:45:13', '2023-09-04 12:45:13'),
('198d195450e11a4e1727d5cd1a30e4ecdb76eaafc79a51d59ac9743746c5a682f6923675e0291b40', 20, 3, 'user token', '[]', 1, '2022-09-04 06:03:28', '2022-09-04 06:03:28', '2023-09-04 12:03:28'),
('1b5a857cd6e2b175201b3c25950c5e66b83cc4be74c6930dd9a1134ba7e7f1411ad713619700e76d', 18, 3, 'user token', '[]', 1, '2022-09-06 04:17:40', '2022-09-06 04:17:40', '2023-09-06 10:17:40'),
('3026633c20ef5398be58843c2e2c014f084b73887eee8c5cf2e75f6ed69bd89c4d966679a6681a1c', 18, 3, 'user token', '[]', 1, '2022-09-07 06:42:30', '2022-09-07 06:42:30', '2023-09-07 12:42:30'),
('3cf55cdb245787ba7447a7895e9de95e26ac77f6b6f041ca3dfacfe556bf726afb59faf12e805cbb', 18, 3, 'user token', '[]', 1, '2022-09-27 06:59:37', '2022-09-27 06:59:37', '2023-09-27 12:59:37'),
('445a364a479de26e443997653dd2d8b5b76af0ceb711e3a727e3013e8cbc33b56b50661812355edc', 18, 3, 'user token', '[]', 0, '2022-09-27 07:10:22', '2022-09-27 07:10:22', '2023-09-27 13:10:22'),
('4486665142a23c3a9e2e806dccf073c79b0ec605b5a64952383023e2335ad96dece829239aebdcea', 18, 3, 'user token', '[]', 0, '2022-09-11 04:58:29', '2022-09-11 04:58:29', '2023-09-11 10:58:29'),
('4d0fc547ac676851c0b09dc02e2b2be1ab0e15ba6c50cf1af5a0530f43e8875075e2c8fb985050f2', 18, 3, 'user token', '[]', 1, '2022-09-27 05:54:28', '2022-09-27 05:54:28', '2023-09-27 11:54:28'),
('611faa7244408690fe9c84e19fcc57d5602d6ab5b3025843b49656eb4b562dcba154d536931f0a27', 18, 3, 'user token', '[]', 1, '2022-09-04 01:25:57', '2022-09-04 01:25:57', '2023-09-04 07:25:57'),
('63cb79a9622ae7791fc3376a6a3e990ae2dc87a29f76b0dec7fc9de492c956bc215334e19707e7a3', 18, 3, 'user token', '[]', 1, '2022-09-27 05:39:18', '2022-09-27 05:39:18', '2023-09-27 11:39:18'),
('7ca8506205f5911563c2e2abe4d0a6f72618d18ccc7e9aaa46cd3e861988ce0d5a6a1e2faafcb663', 18, 3, 'user token', '[]', 1, '2022-09-06 03:00:53', '2022-09-06 03:00:53', '2023-09-06 09:00:53'),
('7f52061ce09c886c1bf3ef2c94935d740b5e40d95c18b1e4006e11eba9ad6f7b3f058ab7e7b81788', 18, 3, 'user token', '[]', 0, '2022-11-06 05:51:02', '2022-11-06 05:51:02', '2023-11-06 11:51:02'),
('87eea22a08ef82edba2e9334e11cba572fe6992c60378e813b99f626bfc21316f6ebc65ecc6ecc77', 18, 3, 'user token', '[]', 0, '2022-09-04 23:30:45', '2022-09-04 23:30:45', '2023-09-05 05:30:45'),
('93538fc13bb82dc2c40319dbf1e006ab42b536654ab1bd21ce84c0bd64d2599c526f93ee363ab1bb', 19, 3, 'user token', '[]', 0, '2022-11-13 04:09:30', '2022-11-13 04:09:30', '2023-11-13 10:09:30'),
('9725bc97ed3ce77fdf0ae6b2d9e63175e542368d7fbb85109450aaf9a52a2c3c7b60d403c0a6779b', 18, 3, 'user token', '[]', 1, '2022-09-27 06:19:25', '2022-09-27 06:19:25', '2023-09-27 12:19:25'),
('a0bf5de7dfd6087ff4feb65ded8f60d9bde45ecb97849c0d2aa857708b68d347f401f878fe15889c', 18, 3, 'user token', '[]', 1, '2022-09-07 05:54:09', '2022-09-07 05:54:09', '2023-09-07 11:54:09'),
('a0c0f58b731ea0303bd1299bac0bbbd3b075c12fa5d894488254c1cd23b05ed02c18e78ae85e9b96', 18, 3, 'user token', '[]', 0, '2022-09-27 07:02:36', '2022-09-27 07:02:36', '2023-09-27 13:02:36'),
('aec9176fbdb454747d40d9ee534ee96cf5d69b4cc668fce6cbb5e44b925ba766bd54c31323761e90', 19, 3, 'user token', '[]', 0, '2022-09-04 05:53:44', '2022-09-04 05:53:44', '2023-09-04 11:53:44'),
('bd14b877c0d3df6e36eb6391d805ce29fecc5d303dcfd1cf700d04331d8742044842269b3c5ca35e', 18, 3, 'user token', '[]', 0, '2022-09-06 22:46:18', '2022-09-06 22:46:18', '2023-09-07 04:46:18'),
('bd229f27fde44769ab86d82f250e9842d8952361ce23cbb6e7cd42edae1e1b5526abec543181c9ac', 18, 3, 'user token', '[]', 0, '2022-09-27 05:18:34', '2022-09-27 05:18:34', '2023-09-27 11:18:34'),
('c29c54a52e1b0e2a2037713e239cc3262349c453a38d59939acf954d4606a12f9a25f15a1fb371f9', 18, 3, 'user token', '[]', 1, '2022-09-04 23:13:07', '2022-09-04 23:13:07', '2023-09-05 05:13:07'),
('c773e6a7ae47b27523f900183c4f8aa8813dce4db38c46c6bb1b80a0c6e8cdf51940bb8af01f9654', 18, 3, 'user token', '[]', 1, '2022-09-27 05:30:38', '2022-09-27 05:30:38', '2023-09-27 11:30:38'),
('f4d016ee285f312527c092f2bf2dc797c7672d50ea8f3fa6e5df51a139a17845430c6d49010240f6', 18, 3, 'user token', '[]', 0, '2022-09-05 05:18:28', '2022-09-05 05:18:28', '2023-09-05 11:18:28'),
('fb6b4a56087f76f59d00dd056f881f6dd72a0820d31e964e1fdb211c2615d3457563e1f73db0c7b7', 18, 3, 'user token', '[]', 0, '2022-09-07 22:54:13', '2022-09-07 22:54:13', '2023-09-08 04:54:13');

-- --------------------------------------------------------

--
-- Table structure for table `oauth_auth_codes`
--

CREATE TABLE `oauth_auth_codes` (
  `id` varchar(100) COLLATE utf8mb4_unicode_ci NOT NULL,
  `user_id` bigint UNSIGNED NOT NULL,
  `client_id` bigint UNSIGNED NOT NULL,
  `scopes` text COLLATE utf8mb4_unicode_ci,
  `revoked` tinyint(1) NOT NULL,
  `expires_at` datetime DEFAULT NULL
) ENGINE=InnoDB DEFAULT CHARSET=utf8mb4 COLLATE=utf8mb4_unicode_ci;

-- --------------------------------------------------------

--
-- Table structure for table `oauth_clients`
--

CREATE TABLE `oauth_clients` (
  `id` bigint UNSIGNED NOT NULL,
  `user_id` bigint UNSIGNED DEFAULT NULL,
  `name` varchar(255) COLLATE utf8mb4_unicode_ci NOT NULL,
  `secret` varchar(100) COLLATE utf8mb4_unicode_ci DEFAULT NULL,
  `provider` varchar(255) COLLATE utf8mb4_unicode_ci DEFAULT NULL,
  `redirect` text COLLATE utf8mb4_unicode_ci NOT NULL,
  `personal_access_client` tinyint(1) NOT NULL,
  `password_client` tinyint(1) NOT NULL,
  `revoked` tinyint(1) NOT NULL,
  `created_at` timestamp NULL DEFAULT NULL,
  `updated_at` timestamp NULL DEFAULT NULL
) ENGINE=InnoDB DEFAULT CHARSET=utf8mb4 COLLATE=utf8mb4_unicode_ci;

--
-- Dumping data for table `oauth_clients`
--

INSERT INTO `oauth_clients` (`id`, `user_id`, `name`, `secret`, `provider`, `redirect`, `personal_access_client`, `password_client`, `revoked`, `created_at`, `updated_at`) VALUES
(1, NULL, 'Laravel Personal Access Client', 'OfVy08MkfRm62a12cL1rZP4LZYnMOqRndHuh7LNY', NULL, 'http://localhost', 1, 0, 0, '2022-09-03 05:37:29', '2022-09-03 05:37:29'),
(2, NULL, 'Laravel Password Grant Client', 'qLQaqc2nwxz48jXkRHMhX1NLXAitWBK9QicKIs0f', 'users', 'http://localhost', 0, 1, 0, '2022-09-03 05:37:29', '2022-09-03 05:37:29'),
(3, NULL, 'Laravel Personal Access Client', '4dB9ilFzZLe6TW4CXpdaniFJi0Q556rzqh0U37IX', NULL, 'http://localhost', 1, 0, 0, '2022-09-03 05:38:36', '2022-09-03 05:38:36'),
(4, NULL, 'Laravel Password Grant Client', 'CaFPRhVNjHwJSJbwVFx4xY41CRJQs49defmesuW1', 'users', 'http://localhost', 0, 1, 0, '2022-09-03 05:38:36', '2022-09-03 05:38:36');

-- --------------------------------------------------------

--
-- Table structure for table `oauth_personal_access_clients`
--

CREATE TABLE `oauth_personal_access_clients` (
  `id` bigint UNSIGNED NOT NULL,
  `client_id` bigint UNSIGNED NOT NULL,
  `created_at` timestamp NULL DEFAULT NULL,
  `updated_at` timestamp NULL DEFAULT NULL
) ENGINE=InnoDB DEFAULT CHARSET=utf8mb4 COLLATE=utf8mb4_unicode_ci;

--
-- Dumping data for table `oauth_personal_access_clients`
--

INSERT INTO `oauth_personal_access_clients` (`id`, `client_id`, `created_at`, `updated_at`) VALUES
(1, 1, '2022-09-03 05:37:29', '2022-09-03 05:37:29'),
(2, 3, '2022-09-03 05:38:36', '2022-09-03 05:38:36');

-- --------------------------------------------------------

--
-- Table structure for table `oauth_refresh_tokens`
--

CREATE TABLE `oauth_refresh_tokens` (
  `id` varchar(100) COLLATE utf8mb4_unicode_ci NOT NULL,
  `access_token_id` varchar(100) COLLATE utf8mb4_unicode_ci NOT NULL,
  `revoked` tinyint(1) NOT NULL,
  `expires_at` datetime DEFAULT NULL
) ENGINE=InnoDB DEFAULT CHARSET=utf8mb4 COLLATE=utf8mb4_unicode_ci;

-- --------------------------------------------------------

--
-- Table structure for table `o_t_p_s`
--

CREATE TABLE `o_t_p_s` (
  `id` bigint UNSIGNED NOT NULL,
  `phone` varchar(255) COLLATE utf8mb4_unicode_ci NOT NULL,
  `otp` varchar(255) COLLATE utf8mb4_unicode_ci NOT NULL,
  `token` varchar(255) COLLATE utf8mb4_unicode_ci DEFAULT NULL,
  `created_at` timestamp NULL DEFAULT NULL,
  `updated_at` timestamp NULL DEFAULT NULL
) ENGINE=InnoDB DEFAULT CHARSET=utf8mb4 COLLATE=utf8mb4_unicode_ci;

-- --------------------------------------------------------

--
-- Table structure for table `password_resets`
--

CREATE TABLE `password_resets` (
  `email` varchar(255) COLLATE utf8mb4_unicode_ci NOT NULL,
  `token` varchar(255) COLLATE utf8mb4_unicode_ci NOT NULL,
  `created_at` timestamp NULL DEFAULT NULL
) ENGINE=InnoDB DEFAULT CHARSET=utf8mb4 COLLATE=utf8mb4_unicode_ci;

-- --------------------------------------------------------

--
-- Table structure for table `permissions`
--

CREATE TABLE `permissions` (
  `id` bigint UNSIGNED NOT NULL,
  `name` varchar(255) COLLATE utf8mb4_unicode_ci NOT NULL,
  `guard_name` varchar(255) COLLATE utf8mb4_unicode_ci NOT NULL,
  `created_at` timestamp NULL DEFAULT NULL,
  `updated_at` timestamp NULL DEFAULT NULL
) ENGINE=InnoDB DEFAULT CHARSET=utf8mb4 COLLATE=utf8mb4_unicode_ci;

--
-- Dumping data for table `permissions`
--

INSERT INTO `permissions` (`id`, `name`, `guard_name`, `created_at`, `updated_at`) VALUES
(1, 'root', 'web', '2022-09-03 05:37:11', '2022-09-03 05:37:11');

-- --------------------------------------------------------

--
-- Table structure for table `personal_access_tokens`
--

CREATE TABLE `personal_access_tokens` (
  `id` bigint UNSIGNED NOT NULL,
  `tokenable_type` varchar(255) COLLATE utf8mb4_unicode_ci NOT NULL,
  `tokenable_id` bigint UNSIGNED NOT NULL,
  `name` varchar(255) COLLATE utf8mb4_unicode_ci NOT NULL,
  `token` varchar(64) COLLATE utf8mb4_unicode_ci NOT NULL,
  `abilities` text COLLATE utf8mb4_unicode_ci,
  `last_used_at` timestamp NULL DEFAULT NULL,
  `created_at` timestamp NULL DEFAULT NULL,
  `updated_at` timestamp NULL DEFAULT NULL
) ENGINE=InnoDB DEFAULT CHARSET=utf8mb4 COLLATE=utf8mb4_unicode_ci;

-- --------------------------------------------------------

--
-- Table structure for table `religions`
--

CREATE TABLE `religions` (
  `id` bigint UNSIGNED NOT NULL,
  `rent_id` bigint UNSIGNED NOT NULL,
  `islam` tinyint(1) NOT NULL DEFAULT '0',
  `hindu` tinyint(1) NOT NULL DEFAULT '0',
  `christian` tinyint(1) NOT NULL DEFAULT '0',
  `bouddho` tinyint(1) NOT NULL DEFAULT '0',
  `any` tinyint(1) NOT NULL DEFAULT '0',
  `created_at` timestamp NULL DEFAULT NULL,
  `updated_at` timestamp NULL DEFAULT NULL
) ENGINE=InnoDB DEFAULT CHARSET=utf8mb4 COLLATE=utf8mb4_unicode_ci;

--
-- Dumping data for table `religions`
--

INSERT INTO `religions` (`id`, `rent_id`, `islam`, `hindu`, `christian`, `bouddho`, `any`, `created_at`, `updated_at`) VALUES
(1, 1, 1, 0, 1, 0, 0, '2022-09-03 05:37:14', '2022-09-03 05:37:14'),
(2, 2, 1, 0, 0, 1, 1, '2022-09-03 05:37:14', '2022-09-03 05:37:14'),
(3, 3, 0, 0, 0, 1, 0, '2022-09-03 05:37:15', '2022-09-03 05:37:15'),
(4, 4, 0, 1, 1, 1, 1, '2022-09-03 05:37:15', '2022-09-03 05:37:15'),
(5, 5, 0, 1, 0, 0, 0, '2022-09-03 05:37:15', '2022-09-03 05:37:15'),
(6, 6, 1, 0, 0, 0, 0, '2022-09-03 05:37:15', '2022-09-03 05:37:15'),
(7, 7, 0, 1, 1, 1, 0, '2022-09-03 05:37:15', '2022-09-03 05:37:15'),
(8, 8, 1, 1, 1, 0, 0, '2022-09-03 05:37:15', '2022-09-03 05:37:15'),
(9, 9, 0, 1, 1, 1, 0, '2022-09-03 05:37:15', '2022-09-03 05:37:15'),
(10, 10, 1, 1, 1, 1, 1, '2022-09-03 05:37:15', '2022-09-03 05:37:15'),
(11, 11, 0, 1, 0, 0, 1, '2022-09-03 05:37:15', '2022-09-03 05:37:15'),
(12, 12, 0, 0, 0, 1, 0, '2022-09-03 05:37:15', '2022-09-03 05:37:15'),
(13, 13, 0, 1, 0, 0, 0, '2022-09-03 05:37:15', '2022-09-03 05:37:15'),
(14, 14, 1, 1, 1, 0, 1, '2022-09-03 05:37:16', '2022-09-03 05:37:16'),
(15, 15, 0, 1, 0, 0, 1, '2022-09-03 05:37:16', '2022-09-03 05:37:16'),
(16, 16, 1, 1, 0, 1, 0, '2022-09-03 05:37:16', '2022-09-03 05:37:16'),
(17, 17, 0, 0, 0, 0, 0, '2022-09-03 05:37:16', '2022-09-03 05:37:16'),
(18, 18, 0, 1, 1, 1, 1, '2022-09-03 05:37:16', '2022-09-03 05:37:16'),
(19, 19, 1, 0, 1, 0, 0, '2022-09-03 05:37:16', '2022-09-03 05:37:16'),
(20, 20, 0, 1, 1, 1, 1, '2022-09-03 05:37:16', '2022-09-03 05:37:16'),
(21, 21, 0, 0, 0, 0, 0, '2022-09-03 05:37:16', '2022-09-03 05:37:16'),
(22, 22, 1, 1, 1, 0, 1, '2022-09-03 05:37:16', '2022-09-03 05:37:16'),
(23, 23, 0, 0, 1, 0, 1, '2022-09-03 05:37:16', '2022-09-03 05:37:16'),
(24, 24, 1, 1, 0, 1, 1, '2022-09-03 05:37:16', '2022-09-03 05:37:16'),
(25, 25, 1, 1, 0, 1, 0, '2022-09-03 05:37:17', '2022-09-03 05:37:17'),
(26, 26, 0, 1, 0, 1, 1, '2022-09-03 05:37:17', '2022-09-03 05:37:17'),
(27, 27, 0, 1, 0, 0, 0, '2022-09-03 05:37:17', '2022-09-03 05:37:17'),
(28, 28, 0, 0, 1, 1, 1, '2022-09-03 05:37:17', '2022-09-03 05:37:17'),
(29, 29, 0, 1, 0, 0, 1, '2022-09-03 05:37:17', '2022-09-03 05:37:17'),
(30, 30, 1, 0, 1, 1, 1, '2022-09-03 05:37:17', '2022-09-03 05:37:17'),
(31, 31, 0, 1, 0, 1, 0, '2022-09-03 05:37:17', '2022-09-03 05:37:17'),
(32, 32, 1, 0, 1, 0, 1, '2022-09-03 05:37:17', '2022-09-03 05:37:17'),
(33, 33, 0, 1, 0, 0, 0, '2022-09-03 05:37:17', '2022-09-03 05:37:17'),
(34, 34, 0, 1, 0, 1, 0, '2022-09-03 05:37:17', '2022-09-03 05:37:17'),
(35, 35, 1, 0, 0, 1, 0, '2022-09-03 05:37:17', '2022-09-03 05:37:17'),
(36, 36, 0, 0, 0, 0, 1, '2022-09-03 05:37:17', '2022-09-03 05:37:17'),
(37, 37, 0, 0, 1, 0, 0, '2022-09-03 05:37:18', '2022-09-03 05:37:18'),
(38, 38, 1, 0, 1, 0, 1, '2022-09-03 05:37:18', '2022-09-03 05:37:18'),
(39, 39, 1, 1, 1, 1, 0, '2022-09-03 05:37:18', '2022-09-03 05:37:18'),
(40, 40, 1, 1, 1, 0, 0, '2022-09-03 05:37:18', '2022-09-03 05:37:18'),
(41, 41, 1, 0, 0, 1, 1, '2022-09-03 05:37:18', '2022-09-03 05:37:18'),
(42, 42, 0, 1, 0, 0, 1, '2022-09-03 05:37:18', '2022-09-03 05:37:18'),
(43, 43, 1, 1, 1, 1, 0, '2022-09-03 05:37:18', '2022-09-03 05:37:18'),
(44, 44, 0, 1, 1, 0, 0, '2022-09-03 05:37:18', '2022-09-03 05:37:18'),
(45, 45, 1, 0, 1, 0, 1, '2022-09-03 05:37:18', '2022-09-03 05:37:18'),
(46, 46, 0, 1, 0, 1, 1, '2022-09-03 05:37:18', '2022-09-03 05:37:18'),
(47, 47, 1, 1, 1, 0, 1, '2022-09-03 05:37:18', '2022-09-03 05:37:18'),
(48, 48, 0, 1, 1, 1, 0, '2022-09-03 05:37:19', '2022-09-03 05:37:19'),
(49, 49, 0, 1, 0, 1, 0, '2022-09-03 05:37:19', '2022-09-03 05:37:19'),
(50, 50, 1, 0, 1, 1, 1, '2022-09-03 05:37:19', '2022-09-03 05:37:19'),
(51, 51, 0, 0, 0, 0, 0, '2022-09-03 05:37:19', '2022-09-03 05:37:19'),
(52, 52, 0, 0, 0, 1, 1, '2022-09-03 05:37:19', '2022-09-03 05:37:19'),
(53, 53, 1, 1, 0, 0, 1, '2022-09-03 05:37:19', '2022-09-03 05:37:19'),
(54, 54, 1, 1, 0, 0, 1, '2022-09-03 05:37:19', '2022-09-03 05:37:19'),
(55, 55, 0, 1, 1, 0, 0, '2022-09-03 05:37:19', '2022-09-03 05:37:19'),
(56, 56, 0, 1, 1, 0, 0, '2022-09-03 05:37:19', '2022-09-03 05:37:19'),
(57, 57, 0, 1, 0, 0, 1, '2022-09-03 05:37:19', '2022-09-03 05:37:19'),
(58, 58, 0, 1, 1, 0, 1, '2022-09-03 05:37:19', '2022-09-03 05:37:19'),
(59, 59, 0, 1, 1, 1, 0, '2022-09-03 05:37:20', '2022-09-03 05:37:20'),
(60, 60, 0, 1, 0, 0, 0, '2022-09-03 05:37:20', '2022-09-03 05:37:20'),
(61, 61, 1, 0, 0, 1, 0, '2022-09-03 05:37:20', '2022-09-03 05:37:20'),
(62, 62, 1, 0, 1, 1, 1, '2022-09-03 05:37:20', '2022-09-03 05:37:20'),
(63, 63, 1, 1, 0, 0, 0, '2022-09-03 05:37:20', '2022-09-03 05:37:20'),
(64, 64, 0, 1, 0, 0, 1, '2022-09-03 05:37:20', '2022-09-03 05:37:20'),
(65, 65, 0, 1, 1, 0, 0, '2022-09-03 05:37:20', '2022-09-03 05:37:20'),
(66, 66, 1, 0, 1, 1, 1, '2022-09-03 05:37:20', '2022-09-03 05:37:20'),
(67, 67, 0, 0, 0, 0, 0, '2022-09-03 05:37:20', '2022-09-03 05:37:20'),
(68, 68, 1, 1, 0, 1, 0, '2022-09-03 05:37:20', '2022-09-03 05:37:20'),
(69, 69, 0, 0, 1, 1, 1, '2022-09-03 05:37:20', '2022-09-03 05:37:20'),
(70, 70, 1, 0, 1, 1, 1, '2022-09-03 05:37:20', '2022-09-03 05:37:20'),
(71, 71, 0, 0, 0, 1, 1, '2022-09-03 05:37:21', '2022-09-03 05:37:21'),
(72, 72, 1, 1, 1, 1, 0, '2022-09-03 05:37:21', '2022-09-03 05:37:21'),
(73, 73, 1, 0, 1, 0, 1, '2022-09-03 05:37:21', '2022-09-03 05:37:21'),
(74, 74, 0, 1, 1, 0, 1, '2022-09-03 05:37:21', '2022-09-03 05:37:21'),
(75, 75, 1, 1, 0, 1, 0, '2022-09-03 05:37:21', '2022-09-03 05:37:21'),
(76, 76, 0, 0, 0, 1, 1, '2022-09-03 05:37:21', '2022-09-03 05:37:21'),
(77, 77, 0, 0, 1, 1, 1, '2022-09-03 05:37:21', '2022-09-03 05:37:21'),
(78, 78, 0, 1, 1, 1, 1, '2022-09-03 05:37:21', '2022-09-03 05:37:21'),
(79, 79, 1, 1, 1, 0, 0, '2022-09-03 05:37:21', '2022-09-03 05:37:21'),
(80, 80, 0, 1, 0, 1, 0, '2022-09-03 05:37:21', '2022-09-03 05:37:21'),
(81, 81, 0, 0, 1, 0, 0, '2022-09-03 05:37:21', '2022-09-03 05:37:21'),
(82, 82, 0, 1, 1, 0, 1, '2022-09-03 05:37:22', '2022-09-03 05:37:22'),
(83, 83, 0, 0, 1, 1, 0, '2022-09-03 05:37:22', '2022-09-03 05:37:22'),
(84, 84, 1, 1, 0, 1, 1, '2022-09-03 05:37:22', '2022-09-03 05:37:22'),
(85, 85, 0, 1, 0, 0, 1, '2022-09-03 05:37:22', '2022-09-03 05:37:22'),
(86, 86, 0, 1, 1, 0, 0, '2022-09-03 05:37:22', '2022-09-03 05:37:22'),
(87, 87, 0, 1, 0, 1, 0, '2022-09-03 05:37:22', '2022-09-03 05:37:22'),
(88, 88, 1, 1, 0, 1, 0, '2022-09-03 05:37:22', '2022-09-03 05:37:22'),
(89, 89, 0, 0, 0, 0, 0, '2022-09-03 05:37:22', '2022-09-03 05:37:22'),
(90, 90, 0, 1, 1, 0, 1, '2022-09-03 05:37:22', '2022-09-03 05:37:22'),
(91, 91, 0, 0, 1, 1, 0, '2022-09-03 05:37:22', '2022-09-03 05:37:22'),
(92, 92, 0, 1, 0, 0, 0, '2022-09-03 05:37:22', '2022-09-03 05:37:22'),
(93, 93, 0, 0, 0, 0, 0, '2022-09-03 05:37:23', '2022-09-03 05:37:23'),
(94, 94, 1, 1, 0, 1, 0, '2022-09-03 05:37:23', '2022-09-03 05:37:23'),
(95, 95, 0, 0, 1, 1, 0, '2022-09-03 05:37:23', '2022-09-03 05:37:23'),
(96, 96, 0, 0, 0, 1, 0, '2022-09-03 05:37:23', '2022-09-03 05:37:23'),
(97, 97, 0, 1, 1, 0, 0, '2022-09-03 05:37:23', '2022-09-03 05:37:23'),
(98, 98, 0, 1, 1, 1, 0, '2022-09-03 05:37:23', '2022-09-03 05:37:23'),
(99, 99, 0, 0, 0, 1, 1, '2022-09-03 05:37:23', '2022-09-03 05:37:23'),
(100, 100, 1, 1, 0, 0, 1, '2022-09-03 05:37:23', '2022-09-03 05:37:23'),
(101, 101, 0, 1, 0, 0, 0, '2022-09-03 05:37:23', '2022-09-03 05:37:23'),
(102, 102, 1, 0, 1, 0, 1, '2022-09-03 05:37:23', '2022-09-03 05:37:23'),
(103, 103, 0, 0, 1, 1, 1, '2022-09-03 05:37:23', '2022-09-03 05:37:23'),
(104, 104, 0, 1, 0, 0, 0, '2022-09-03 05:37:24', '2022-09-03 05:37:24'),
(105, 105, 1, 0, 1, 0, 1, '2022-09-03 05:37:24', '2022-09-03 05:37:24'),
(106, 106, 1, 1, 1, 0, 0, '2022-09-03 05:37:24', '2022-09-03 05:37:24'),
(107, 107, 0, 1, 1, 1, 1, '2022-09-03 05:37:24', '2022-09-03 05:37:24'),
(108, 108, 0, 0, 1, 0, 1, '2022-09-03 05:37:24', '2022-09-03 05:37:24'),
(109, 109, 0, 0, 0, 0, 1, '2022-09-03 05:37:24', '2022-09-03 05:37:24'),
(110, 110, 0, 0, 0, 1, 0, '2022-09-03 05:37:24', '2022-09-03 05:37:24'),
(111, 111, 1, 1, 1, 1, 0, '2022-09-03 05:37:24', '2022-09-03 05:37:24'),
(112, 112, 0, 0, 1, 0, 1, '2022-09-03 05:37:24', '2022-09-03 05:37:24'),
(113, 113, 0, 0, 1, 0, 0, '2022-09-03 05:37:24', '2022-09-03 05:37:24'),
(114, 114, 0, 1, 0, 0, 1, '2022-09-03 05:37:24', '2022-09-03 05:37:24'),
(115, 115, 0, 1, 1, 0, 1, '2022-09-03 05:37:24', '2022-09-03 05:37:24'),
(116, 116, 0, 0, 0, 0, 1, '2022-09-03 05:37:25', '2022-09-03 05:37:25'),
(117, 117, 1, 1, 1, 1, 0, '2022-09-03 05:37:25', '2022-09-03 05:37:25'),
(118, 119, 1, 0, 0, 0, 1, '2022-09-07 01:02:43', '2022-09-07 01:02:43'),
(119, 120, 1, 0, 0, 0, 1, '2022-09-07 01:32:20', '2022-09-07 01:32:20'),
(120, 121, 1, 1, 1, 1, 1, '2022-09-07 04:21:20', '2022-09-07 04:21:20'),
(121, 122, 1, 0, 0, 0, 1, '2022-09-07 22:57:11', '2022-09-07 22:57:11'),
(122, 123, 1, 0, 0, 0, 1, '2022-09-07 23:00:17', '2022-09-07 23:00:17'),
(123, 124, 1, 0, 0, 0, 0, '2022-09-07 23:17:23', '2022-09-07 23:17:23'),
(124, 125, 1, 0, 0, 0, 0, '2022-09-08 07:04:44', '2022-09-08 07:04:44'),
(125, 126, 1, 0, 0, 0, 1, '2022-11-06 05:51:42', '2022-11-06 05:51:42'),
(126, 127, 1, 0, 0, 0, 1, '2022-11-06 06:00:56', '2022-11-06 06:00:56'),
(127, 128, 1, 0, 0, 0, 1, '2022-11-06 06:01:50', '2022-11-06 06:01:50'),
(128, 129, 1, 0, 0, 0, 1, '2022-11-13 04:31:18', '2022-11-13 04:31:18');

-- --------------------------------------------------------

--
-- Table structure for table `rents`
--

CREATE TABLE `rents` (
  `id` bigint UNSIGNED NOT NULL,
  `customer_id` bigint UNSIGNED NOT NULL,
  `title` varchar(255) COLLATE utf8mb4_unicode_ci NOT NULL,
  `description` longtext COLLATE utf8mb4_unicode_ci NOT NULL,
  `type` enum('Seat Rent','Sublet Rent','Flat Rent') COLLATE utf8mb4_unicode_ci NOT NULL,
  `washroom` int NOT NULL,
  `balcony` int DEFAULT NULL,
  `position` varchar(255) COLLATE utf8mb4_unicode_ci DEFAULT NULL,
  `bad` int NOT NULL,
  `is_active` tinyint(1) NOT NULL DEFAULT '0',
  `deleted_at` timestamp NULL DEFAULT NULL,
  `created_at` timestamp NULL DEFAULT NULL,
  `updated_at` timestamp NULL DEFAULT NULL,
  `price` varchar(255) COLLATE utf8mb4_unicode_ci NOT NULL
) ENGINE=InnoDB DEFAULT CHARSET=utf8mb4 COLLATE=utf8mb4_unicode_ci;

--
-- Dumping data for table `rents`
--

INSERT INTO `rents` (`id`, `customer_id`, `title`, `description`, `type`, `washroom`, `balcony`, `position`, `bad`, `is_active`, `deleted_at`, `created_at`, `updated_at`, `price`) VALUES
(1, 1, 'Et eius iste.', 'In sit expedita fugit sit.', 'Flat Rent', 6, 9, '3rd', 2, 0, NULL, '2022-09-03 05:37:14', '2022-09-03 23:23:58', ''),
(2, 1, 'Hic aperiam.', 'Magni necessitatibus nam eum repellendus.', 'Seat Rent', 7, 5, '6th', 1, 0, NULL, '2022-09-03 05:37:14', '2022-09-03 23:29:45', ''),
(3, 1, 'Sit rem repudiandae.', 'Voluptates neque commodi animi deleniti neque.', 'Sublet Rent', 8, 9, '6th', 5, 1, NULL, '2022-09-03 05:37:14', '2022-09-03 23:14:15', ''),
(4, 1, 'Fugiat quia omnis.', 'Et hic omnis corporis laborum facilis quas cum.', 'Flat Rent', 7, 3, '8th', 7, 1, NULL, '2022-09-03 05:37:14', '2022-09-03 05:37:14', ''),
(5, 1, 'Maxime placeat.', 'Velit explicabo sint reiciendis qui quod dicta.', 'Sublet Rent', 6, 1, '6th', 5, 1, NULL, '2022-09-03 05:37:14', '2022-09-03 06:59:48', ''),
(6, 2, 'Enim culpa quae et.', 'Dolorem aut cupiditate veniam non.', 'Sublet Rent', 5, 8, '5th', 5, 0, NULL, '2022-09-03 05:37:14', '2022-09-03 05:37:14', ''),
(7, 2, 'Dolorem id dolor.', 'Amet dolores repellat et et consectetur.', 'Flat Rent', 5, 5, '4th', 4, 1, NULL, '2022-09-03 05:37:14', '2022-09-03 05:37:14', ''),
(8, 2, 'Qui deserunt.', 'Debitis nihil omnis beatae nemo est omnis quas.', 'Seat Rent', 1, 6, '6th', 6, 1, NULL, '2022-09-03 05:37:14', '2022-09-03 05:37:14', ''),
(9, 2, 'Molestias ipsa qui.', 'Quidem ipsa commodi ut qui placeat corrupti.', 'Flat Rent', 8, 6, '2nd', 7, 0, NULL, '2022-09-03 05:37:14', '2022-09-03 05:37:14', ''),
(10, 2, 'Corporis iste sed.', 'Officia quod est ab quidem.', 'Flat Rent', 6, 2, '9th', 4, 0, NULL, '2022-09-03 05:37:14', '2022-09-03 05:37:14', ''),
(11, 2, 'Et optio sit.', 'Excepturi dolorem quo explicabo dolore deserunt.', 'Flat Rent', 8, 7, '9th', 5, 1, NULL, '2022-09-03 05:37:14', '2022-09-03 05:37:14', ''),
(12, 2, 'Totam qui et rerum.', 'Nihil sequi laborum a molestias.', 'Sublet Rent', 4, 1, '4th', 8, 0, NULL, '2022-09-03 05:37:14', '2022-09-03 05:37:14', ''),
(13, 2, 'Non et dolores.', 'Dolorem et sit et.', 'Seat Rent', 3, 8, '9th', 4, 1, NULL, '2022-09-03 05:37:14', '2022-09-03 05:37:14', ''),
(14, 2, 'Maxime aut ipsa sed.', 'Nemo eos omnis sed hic.', 'Seat Rent', 7, 8, '10th', 5, 0, NULL, '2022-09-03 05:37:14', '2022-09-03 05:37:14', ''),
(15, 2, 'Cupiditate maiores.', 'Sapiente rerum sunt dolorem quod nisi.', 'Sublet Rent', 5, 2, '6th', 8, 1, NULL, '2022-09-03 05:37:14', '2022-09-03 05:37:14', ''),
(16, 3, 'Rerum sunt.', 'Vero ducimus quas reiciendis voluptas.', 'Sublet Rent', 3, 6, '10th', 7, 0, NULL, '2022-09-03 05:37:14', '2022-09-03 05:37:14', ''),
(17, 3, 'Voluptatem.', 'Fugit eius placeat voluptas at eum qui.', 'Flat Rent', 6, 4, '8th', 5, 1, NULL, '2022-09-03 05:37:14', '2022-09-03 05:37:14', ''),
(18, 3, 'Nulla ipsa aut.', 'Quasi qui voluptatem mollitia et ea quia.', 'Seat Rent', 8, 7, '6th', 7, 0, NULL, '2022-09-03 05:37:14', '2022-09-03 05:37:14', ''),
(19, 3, 'Itaque magni quia.', 'Quo commodi vel unde modi rerum aut ut.', 'Seat Rent', 9, 3, '8th', 3, 0, NULL, '2022-09-03 05:37:14', '2022-09-03 05:37:14', ''),
(20, 3, 'Velit sit nihil ut.', 'Sed et nobis ut qui nobis qui.', 'Sublet Rent', 7, 5, '6th', 1, 1, NULL, '2022-09-03 05:37:14', '2022-09-03 05:37:14', ''),
(21, 3, 'Et praesentium.', 'Quia nobis sit saepe ut est.', 'Seat Rent', 3, 5, '4th', 6, 0, NULL, '2022-09-03 05:37:14', '2022-09-03 05:37:14', ''),
(22, 3, 'Eos soluta vel.', 'Quos nulla ea sequi magnam.', 'Seat Rent', 7, 3, '4th', 9, 1, NULL, '2022-09-03 05:37:14', '2022-09-03 05:37:14', ''),
(23, 4, 'Laudantium et.', 'Ut autem voluptatem voluptatem ipsam.', 'Flat Rent', 7, 1, '2nd', 3, 1, NULL, '2022-09-03 05:37:14', '2022-09-03 05:37:14', ''),
(24, 4, 'Magnam et nesciunt.', 'Beatae aliquam quos ullam expedita numquam quae.', 'Sublet Rent', 3, 3, '10th', 9, 1, NULL, '2022-09-03 05:37:14', '2022-09-03 05:37:14', ''),
(25, 4, 'Explicabo quos vel.', 'Ipsam ducimus facere non.', 'Flat Rent', 8, 6, '9th', 2, 1, NULL, '2022-09-03 05:37:14', '2022-09-03 05:37:14', ''),
(26, 4, 'Ut ut nulla omnis.', 'Recusandae nobis deleniti eveniet sit a et.', 'Seat Rent', 3, 5, '4th', 5, 1, NULL, '2022-09-03 05:37:14', '2022-09-03 05:37:14', ''),
(27, 4, 'Sit modi ut.', 'Delectus sunt eligendi est aut est ut molestias.', 'Seat Rent', 8, 8, '5th', 7, 0, NULL, '2022-09-03 05:37:14', '2022-09-03 05:37:14', ''),
(28, 4, 'Dolorum sequi est.', 'Sunt eos assumenda autem quaerat vero sed qui.', 'Seat Rent', 2, 1, '9th', 8, 0, NULL, '2022-09-03 05:37:14', '2022-09-03 05:37:14', ''),
(29, 4, 'Aliquam ipsa.', 'Commodi qui autem dolores iusto.', 'Flat Rent', 5, 7, '3rd', 3, 1, NULL, '2022-09-03 05:37:14', '2022-09-03 05:37:14', ''),
(30, 4, 'Iusto eius ut culpa.', 'Vero consequatur quia porro corporis.', 'Seat Rent', 6, 9, '2nd', 8, 0, NULL, '2022-09-03 05:37:14', '2022-09-03 05:37:14', ''),
(31, 5, 'Nihil reprehenderit.', 'Et dicta sunt voluptate beatae fugiat.', 'Flat Rent', 6, 8, '1st', 4, 1, NULL, '2022-09-03 05:37:14', '2022-09-03 05:37:14', ''),
(32, 5, 'Amet corrupti in.', 'Fugit ut voluptatem id cupiditate et et.', 'Sublet Rent', 5, 2, '10th', 5, 0, NULL, '2022-09-03 05:37:14', '2022-09-03 05:37:14', ''),
(33, 5, 'Accusantium est et.', 'Eveniet qui consectetur eum laudantium quae ea.', 'Sublet Rent', 3, 1, '1st', 1, 1, NULL, '2022-09-03 05:37:14', '2022-09-03 05:37:14', ''),
(34, 5, 'Ducimus eos non qui.', 'Mollitia quo dignissimos repudiandae delectus et.', 'Seat Rent', 8, 4, '9th', 6, 1, NULL, '2022-09-03 05:37:14', '2022-09-03 05:37:14', ''),
(35, 5, 'Rerum tempora.', 'Perspiciatis praesentium quos dolores est.', 'Sublet Rent', 1, 2, '8th', 3, 1, NULL, '2022-09-03 05:37:14', '2022-09-03 05:37:14', ''),
(36, 5, 'Qui nam quia vero.', 'Accusantium aperiam recusandae qui mollitia.', 'Flat Rent', 5, 2, '2nd', 6, 0, NULL, '2022-09-03 05:37:14', '2022-09-03 05:37:14', ''),
(37, 5, 'Voluptate ipsum.', 'Iusto quia minus sunt fugit id.', 'Flat Rent', 9, 5, '6th', 7, 1, NULL, '2022-09-03 05:37:14', '2022-09-03 05:37:14', ''),
(38, 5, 'Omnis et placeat.', 'Fugit suscipit et et eum necessitatibus.', 'Sublet Rent', 2, 2, '4th', 8, 1, NULL, '2022-09-03 05:37:14', '2022-09-03 05:37:14', ''),
(39, 5, 'In dolorem in.', 'Consequatur sed aut qui aut est.', 'Seat Rent', 8, 2, '7th', 2, 1, NULL, '2022-09-03 05:37:14', '2022-09-03 05:37:14', ''),
(40, 6, 'Laboriosam facilis.', 'Modi harum quia praesentium aperiam ducimus.', 'Flat Rent', 4, 6, '1st', 3, 1, NULL, '2022-09-03 05:37:14', '2022-09-03 05:37:14', ''),
(41, 6, 'Fuga aut.', 'Ut facilis nihil officiis.', 'Sublet Rent', 9, 1, '1st', 9, 1, NULL, '2022-09-03 05:37:14', '2022-09-03 05:37:14', ''),
(42, 6, 'Itaque quisquam.', 'Enim ullam optio eligendi molestiae repellendus.', 'Sublet Rent', 8, 5, '10th', 4, 0, NULL, '2022-09-03 05:37:14', '2022-09-03 05:37:14', ''),
(43, 6, 'Et numquam minus.', 'Rerum quis est sed aut dolorem.', 'Seat Rent', 1, 1, '2nd', 6, 1, NULL, '2022-09-03 05:37:14', '2022-09-03 05:37:14', ''),
(44, 6, 'Est aut aspernatur.', 'Veniam sed nihil quo et voluptas iure.', 'Seat Rent', 6, 4, '9th', 1, 0, NULL, '2022-09-03 05:37:14', '2022-09-03 05:37:14', ''),
(45, 6, 'Nesciunt minus qui.', 'Inventore officiis porro ea et alias occaecati.', 'Seat Rent', 1, 1, '2nd', 5, 1, NULL, '2022-09-03 05:37:14', '2022-09-03 05:37:14', ''),
(46, 6, 'Magnam consectetur.', 'Non dolore quae rerum rerum.', 'Seat Rent', 5, 7, '2nd', 2, 1, NULL, '2022-09-03 05:37:14', '2022-09-03 05:37:14', ''),
(47, 6, 'Officiis ut dicta.', 'Molestiae aut provident magni recusandae.', 'Flat Rent', 9, 4, '9th', 5, 0, NULL, '2022-09-03 05:37:14', '2022-09-03 05:37:14', ''),
(48, 7, 'Cum temporibus.', 'Enim nisi rem totam enim non eum.', 'Flat Rent', 8, 7, '6th', 7, 1, NULL, '2022-09-03 05:37:14', '2022-09-03 05:37:14', ''),
(49, 7, 'Iure in accusamus.', 'Enim quis molestiae nemo quia repellat id.', 'Seat Rent', 6, 6, '4th', 2, 0, NULL, '2022-09-03 05:37:14', '2022-09-03 05:37:14', ''),
(50, 7, 'Eaque voluptatem et.', 'Corporis quasi aut sequi.', 'Sublet Rent', 2, 4, '8th', 8, 1, NULL, '2022-09-03 05:37:14', '2022-09-03 05:37:14', ''),
(51, 7, 'Sint officiis qui.', 'Quam ab occaecati optio unde.', 'Sublet Rent', 3, 6, '10th', 8, 1, NULL, '2022-09-03 05:37:14', '2022-09-03 05:37:14', ''),
(52, 7, 'Nam enim et error.', 'Aut quo nemo voluptates ipsum voluptatem sit.', 'Sublet Rent', 6, 6, '8th', 2, 1, NULL, '2022-09-03 05:37:14', '2022-09-03 05:37:14', ''),
(53, 7, 'Consequatur.', 'Ab dicta provident illum.', 'Sublet Rent', 5, 4, '10th', 4, 0, NULL, '2022-09-03 05:37:14', '2022-09-03 05:37:14', ''),
(54, 7, 'Aut molestiae.', 'Facilis quis voluptas sed rerum et.', 'Seat Rent', 5, 6, '9th', 9, 0, NULL, '2022-09-03 05:37:14', '2022-09-03 05:37:14', ''),
(55, 7, 'Dolorem maxime.', 'Ut occaecati voluptatum velit quis quisquam.', 'Flat Rent', 6, 5, '5th', 7, 1, NULL, '2022-09-03 05:37:14', '2022-09-03 05:37:14', ''),
(56, 7, 'Voluptates enim.', 'Optio sit quae hic et.', 'Flat Rent', 9, 7, '2nd', 7, 1, NULL, '2022-09-03 05:37:14', '2022-09-03 05:37:14', ''),
(57, 8, 'Aliquid esse.', 'Nobis autem reprehenderit laudantium optio.', 'Flat Rent', 4, 3, '1st', 9, 1, NULL, '2022-09-03 05:37:14', '2022-09-03 05:37:14', ''),
(58, 8, 'Veritatis deleniti.', 'Dignissimos et deserunt reiciendis dolorum.', 'Flat Rent', 3, 8, '8th', 5, 1, NULL, '2022-09-03 05:37:14', '2022-09-03 05:37:14', ''),
(59, 8, 'Asperiores.', 'Expedita ullam ut qui.', 'Flat Rent', 4, 6, '2nd', 6, 1, NULL, '2022-09-03 05:37:14', '2022-09-03 05:37:14', ''),
(60, 8, 'Iste fuga ab.', 'Non et at tenetur expedita est quisquam laborum.', 'Flat Rent', 5, 8, '4th', 6, 1, NULL, '2022-09-03 05:37:14', '2022-09-03 05:37:14', ''),
(61, 8, 'Quae nam.', 'Ut molestiae aperiam rerum quidem.', 'Flat Rent', 6, 7, '6th', 2, 0, NULL, '2022-09-03 05:37:14', '2022-09-03 05:37:14', ''),
(62, 8, 'Quas quos eligendi.', 'Perferendis accusantium natus ullam animi non.', 'Seat Rent', 9, 4, '1st', 6, 0, NULL, '2022-09-03 05:37:14', '2022-09-03 05:37:14', ''),
(63, 8, 'Et omnis soluta.', 'Qui soluta voluptas est quasi esse hic dolorum.', 'Flat Rent', 7, 5, '9th', 4, 0, NULL, '2022-09-03 05:37:14', '2022-09-03 05:37:14', ''),
(64, 8, 'Aperiam nesciunt.', 'Error in pariatur ex aliquam ut.', 'Flat Rent', 8, 5, '2nd', 8, 1, NULL, '2022-09-03 05:37:14', '2022-09-03 05:37:14', ''),
(65, 9, 'Quae laudantium id.', 'Blanditiis sint sequi assumenda voluptas.', 'Sublet Rent', 1, 4, '4th', 3, 0, NULL, '2022-09-03 05:37:14', '2022-09-03 05:37:14', ''),
(66, 9, 'Sunt ut deserunt.', 'Reprehenderit assumenda deserunt qui id.', 'Seat Rent', 1, 5, '8th', 1, 1, NULL, '2022-09-03 05:37:14', '2022-09-03 05:37:14', ''),
(67, 9, 'Rerum quo quia.', 'Laboriosam veniam nihil dicta.', 'Flat Rent', 1, 5, '5th', 9, 1, NULL, '2022-09-03 05:37:14', '2022-09-03 05:37:14', ''),
(68, 9, 'Vero dolores nihil.', 'Sed iste et porro nam ipsam possimus.', 'Sublet Rent', 9, 7, '4th', 3, 1, NULL, '2022-09-03 05:37:14', '2022-09-03 05:37:14', ''),
(69, 9, 'Et id cupiditate.', 'At excepturi commodi consequatur tenetur.', 'Flat Rent', 6, 5, '6th', 4, 0, NULL, '2022-09-03 05:37:14', '2022-09-03 05:37:14', ''),
(70, 9, 'Delectus accusamus.', 'Ea reprehenderit perferendis nobis.', 'Seat Rent', 1, 6, '5th', 5, 0, NULL, '2022-09-03 05:37:14', '2022-09-03 05:37:14', ''),
(71, 9, 'Dolorem nulla.', 'Officia in doloremque nobis sapiente ex quia.', 'Seat Rent', 4, 4, '4th', 4, 0, NULL, '2022-09-03 05:37:14', '2022-09-03 05:37:14', ''),
(72, 9, 'Consequatur.', 'Consequatur qui nobis dolor saepe.', 'Seat Rent', 9, 6, '4th', 2, 0, NULL, '2022-09-03 05:37:14', '2022-09-03 05:37:14', ''),
(73, 9, 'Maxime eos libero.', 'Dolores dolore aspernatur qui est qui iure magni.', 'Flat Rent', 2, 5, '3rd', 8, 0, NULL, '2022-09-03 05:37:14', '2022-09-03 05:37:14', ''),
(74, 10, 'Animi quo molestiae.', 'Odio sequi dolores fuga cumque facilis.', 'Flat Rent', 5, 1, '4th', 5, 0, NULL, '2022-09-03 05:37:14', '2022-09-03 05:37:14', ''),
(75, 10, 'Reiciendis hic.', 'Est voluptatibus nihil numquam molestias soluta.', 'Sublet Rent', 6, 5, '5th', 8, 0, NULL, '2022-09-03 05:37:14', '2022-09-03 05:37:14', ''),
(76, 10, 'Debitis cumque.', 'Ea minima non ab dolore minus.', 'Flat Rent', 3, 3, '10th', 3, 1, NULL, '2022-09-03 05:37:14', '2022-09-03 05:37:14', ''),
(77, 10, 'Nam quos natus.', 'Libero rerum exercitationem molestiae voluptas.', 'Flat Rent', 4, 3, '2nd', 1, 0, NULL, '2022-09-03 05:37:14', '2022-09-03 05:37:14', ''),
(78, 10, 'Ab fugiat harum.', 'In repellendus laborum qui non dolorem quae.', 'Seat Rent', 5, 7, '10th', 5, 1, NULL, '2022-09-03 05:37:14', '2022-09-03 22:24:51', ''),
(79, 10, 'Est et dignissimos.', 'Accusantium cupiditate quae nisi omnis.', 'Seat Rent', 9, 1, '3rd', 6, 0, NULL, '2022-09-03 05:37:14', '2022-09-03 05:37:14', ''),
(80, 10, 'Voluptatem dolores.', 'Veritatis aut vel est.', 'Sublet Rent', 4, 7, '5th', 8, 0, NULL, '2022-09-03 05:37:14', '2022-09-03 05:37:14', ''),
(81, 10, 'Deleniti.', 'Animi expedita minus aperiam voluptatem neque.', 'Flat Rent', 5, 4, '2nd', 6, 0, NULL, '2022-09-03 05:37:14', '2022-09-03 05:37:14', ''),
(82, 11, 'Molestiae cum.', 'Et officiis sequi quia odio.', 'Flat Rent', 1, 6, '2nd', 9, 1, NULL, '2022-09-03 05:37:14', '2022-09-03 05:37:14', ''),
(83, 11, 'Necessitatibus.', 'Sint ut eos fugit tenetur accusamus rerum.', 'Sublet Rent', 2, 8, '10th', 1, 0, NULL, '2022-09-03 05:37:14', '2022-09-03 05:37:14', ''),
(84, 11, 'Vel numquam.', 'Qui sit inventore iure illo sed.', 'Flat Rent', 2, 9, '7th', 6, 0, NULL, '2022-09-03 05:37:14', '2022-09-03 05:37:14', ''),
(85, 11, 'A omnis ducimus.', 'Nesciunt optio veritatis dignissimos molestiae.', 'Sublet Rent', 1, 6, '10th', 8, 0, NULL, '2022-09-03 05:37:14', '2022-09-03 05:37:14', ''),
(86, 11, 'Molestiae.', 'Illo rerum architecto quos dicta quam.', 'Sublet Rent', 3, 8, '10th', 6, 0, NULL, '2022-09-03 05:37:14', '2022-09-03 05:37:14', ''),
(87, 11, 'Expedita officia.', 'Dolore pariatur iure eligendi sint voluptate.', 'Sublet Rent', 6, 7, '1st', 5, 0, NULL, '2022-09-03 05:37:14', '2022-09-03 05:37:14', ''),
(88, 11, 'Nihil est doloribus.', 'Quas cupiditate itaque est ratione.', 'Flat Rent', 7, 8, '4th', 7, 1, NULL, '2022-09-03 05:37:14', '2022-09-03 05:37:14', ''),
(89, 12, 'Ipsum provident.', 'Sapiente ipsam quas omnis porro porro.', 'Seat Rent', 1, 6, '8th', 6, 1, NULL, '2022-09-03 05:37:14', '2022-09-03 07:02:15', ''),
(90, 12, 'Eos excepturi.', 'Assumenda rerum quia tempora delectus.', 'Sublet Rent', 4, 4, '9th', 2, 1, NULL, '2022-09-03 05:37:14', '2022-09-03 05:37:14', ''),
(91, 12, 'Aperiam eaque.', 'Aliquid rerum totam aut nihil iure corrupti esse.', 'Seat Rent', 4, 3, '6th', 1, 1, NULL, '2022-09-03 05:37:14', '2022-09-03 07:05:41', ''),
(92, 12, 'Deleniti dolorem.', 'Perspiciatis enim minima cupiditate et.', 'Seat Rent', 9, 7, '6th', 2, 1, NULL, '2022-09-03 05:37:14', '2022-09-03 07:01:01', ''),
(93, 12, 'Repudiandae.', 'Sunt sequi iusto omnis sit asperiores dicta quo.', 'Seat Rent', 9, 3, '1st', 1, 1, NULL, '2022-09-03 05:37:14', '2022-09-03 05:37:14', ''),
(94, 12, 'Ut accusantium.', 'Error iusto sit ut ut harum dolore rerum.', 'Flat Rent', 1, 8, '7th', 9, 1, NULL, '2022-09-03 05:37:14', '2022-09-03 05:37:14', ''),
(95, 13, 'Quo atque.', 'Quia molestiae recusandae asperiores saepe.', 'Sublet Rent', 7, 2, '7th', 6, 0, NULL, '2022-09-03 05:37:14', '2022-09-03 05:37:14', ''),
(96, 13, 'Consequatur eveniet.', 'Sed delectus iure culpa officiis dolor.', 'Seat Rent', 7, 7, '10th', 6, 0, NULL, '2022-09-03 05:37:14', '2022-09-03 05:37:14', ''),
(97, 13, 'Ad consequatur.', 'Officiis accusamus eveniet omnis.', 'Flat Rent', 7, 4, '3rd', 3, 0, NULL, '2022-09-03 05:37:14', '2022-09-03 05:37:14', ''),
(98, 13, 'Debitis consectetur.', 'Quas alias sed aut aut error.', 'Sublet Rent', 7, 5, '6th', 2, 1, NULL, '2022-09-03 05:37:14', '2022-09-03 05:37:14', ''),
(99, 13, 'Quo rerum officiis.', 'Provident quos pariatur neque cum sequi.', 'Flat Rent', 6, 1, '10th', 8, 1, NULL, '2022-09-03 05:37:14', '2022-09-03 05:37:14', ''),
(100, 14, 'Doloribus qui in.', 'Et quae sunt velit doloremque quas.', 'Flat Rent', 7, 5, '7th', 2, 1, NULL, '2022-09-03 05:37:14', '2022-09-03 05:37:14', ''),
(101, 14, 'Perspiciatis.', 'Rerum non rem consequatur eos.', 'Sublet Rent', 9, 9, '4th', 1, 1, NULL, '2022-09-03 05:37:14', '2022-09-03 05:37:14', ''),
(102, 14, 'Quasi vel ut.', 'Illo assumenda at aperiam deserunt in.', 'Sublet Rent', 3, 8, '8th', 3, 0, NULL, '2022-09-03 05:37:14', '2022-09-03 05:37:14', ''),
(103, 14, 'Ipsam alias ut id.', 'In non eum harum sed laudantium eligendi.', 'Sublet Rent', 2, 8, '8th', 4, 1, NULL, '2022-09-03 05:37:14', '2022-09-03 05:37:14', ''),
(104, 14, 'In est quaerat.', 'Velit et quaerat soluta necessitatibus.', 'Flat Rent', 7, 8, '2nd', 6, 0, NULL, '2022-09-03 05:37:14', '2022-09-03 05:37:14', ''),
(105, 14, 'Voluptatem nostrum.', 'Maxime dignissimos eum rerum cumque omnis omnis.', 'Seat Rent', 6, 7, '8th', 8, 1, NULL, '2022-09-03 05:37:14', '2022-09-03 05:37:14', ''),
(106, 14, 'Sit mollitia itaque.', 'Non rem inventore non autem harum facere.', 'Seat Rent', 1, 7, '8th', 5, 0, NULL, '2022-09-03 05:37:14', '2022-09-03 05:37:14', ''),
(107, 14, 'Molestias adipisci.', 'Nihil explicabo numquam est aut nihil.', 'Flat Rent', 4, 2, '4th', 8, 1, NULL, '2022-09-03 05:37:14', '2022-09-03 05:37:14', ''),
(108, 14, 'Sed minima.', 'Sint nisi quis est autem nesciunt.', 'Seat Rent', 3, 3, '1st', 7, 0, NULL, '2022-09-03 05:37:14', '2022-09-03 05:37:14', ''),
(109, 14, 'Doloremque soluta.', 'Sit hic dicta maxime aliquam.', 'Flat Rent', 2, 1, '5th', 4, 1, NULL, '2022-09-03 05:37:14', '2022-09-03 05:37:14', ''),
(110, 15, 'Temporibus.', 'Et blanditiis quas aut eaque quod.', 'Seat Rent', 5, 5, '6th', 4, 1, NULL, '2022-09-03 05:37:14', '2022-09-03 05:37:14', ''),
(111, 15, 'Culpa dolores sit.', 'Laborum animi cumque quia natus.', 'Sublet Rent', 9, 5, '7th', 8, 1, NULL, '2022-09-03 05:37:14', '2022-09-03 05:37:14', ''),
(112, 15, 'Est iste labore.', 'Et assumenda aspernatur quia est qui ut eos.', 'Seat Rent', 8, 5, '9th', 6, 0, NULL, '2022-09-03 05:37:14', '2022-09-03 05:37:14', ''),
(113, 15, 'Repellendus impedit.', 'Officia corporis enim et tempora et.', 'Seat Rent', 2, 9, '4th', 2, 0, NULL, '2022-09-03 05:37:14', '2022-09-03 05:37:14', ''),
(114, 15, 'Aut commodi unde.', 'Commodi autem qui voluptate et.', 'Seat Rent', 6, 9, '3rd', 6, 1, NULL, '2022-09-03 05:37:14', '2022-09-03 05:37:14', ''),
(115, 15, 'Ad repellat fugiat.', 'Iste ea tempora nobis veritatis qui sit.', 'Flat Rent', 2, 9, '4th', 3, 1, NULL, '2022-09-03 05:37:14', '2022-09-03 05:37:14', ''),
(116, 15, 'Doloremque totam.', 'Earum asperiores nesciunt animi minus quis.', 'Sublet Rent', 4, 7, '10th', 5, 0, NULL, '2022-09-03 05:37:14', '2022-09-03 05:37:14', ''),
(117, 15, 'Ipsam qui et.', 'Sed placeat est autem non error.', 'Flat Rent', 8, 7, '8th', 4, 1, NULL, '2022-09-03 05:37:14', '2022-09-03 05:37:14', ''),
(119, 16, 'My test Post', 'Lorem Ipsum is simply dummy text of the printing and typesetting industry. Lorem Ipsum has been the industry\'s standard dummy text ever since the 1500s, when an unknown printer took a galley of type and scrambled it to make a type specimen book. It has survived not only five centuries, but also the leap into electronic typesetting, remaining essentially unchanged. It was popularised in the 1960s with the release of Letraset sheets containing Lorem Ipsum passages, and more recently with desktop publishing software like Aldus PageMaker including versions of Lorem Ipsum.', 'Flat Rent', 2, 2, '5', 3, 1, '2022-09-07 07:23:57', '2022-09-07 01:02:43', '2022-09-07 01:02:43', ''),
(120, 16, 'Test', 'Lorem Ipsum is simply dummy text of the printing and typesetting industry. Lorem Ipsum has been the industry\'s standard dummy text ever since the 1500s, when an unknown printer took a galley of type and scrambled it to make a type specimen book. It has survived not only five centuries, but also the leap into electronic typesetting, remaining essentially unchanged. It was popularised in the 1960s with the release of Letraset sheets containing Lorem Ipsum passages, and more recently with desktop publishing software like Aldus PageMaker including versions of Lorem Ipsum.', 'Sublet Rent', 2, 2, '9', 2, 1, '2022-09-08 05:22:26', '2022-09-07 01:32:20', '2022-09-08 05:22:26', ''),
(121, 16, 'Test', 'using Lorem Ipsum is that it has a more-or-less normal distribution of letters, as opposed to using \'Content here, content here\', making it look like readable English. Many desktop publishing packages and web page editors now use Lorem Ipsum as their default model text, and a search for \'lorem ipsum\' will uncover many web sites still in their infancy. Various versions have evolved over the years, sometimes by accident, sometimes on purpose (injected humour and the like).', 'Sublet Rent', 2, 2, '5', 3, 1, '2022-09-08 06:15:53', '2022-09-07 04:21:20', '2022-09-08 06:15:53', ''),
(122, 16, 'House Rent', '19/9, Prominent Housing, Shekertek Road:03, Dhaka 120719/9, Prominent Housing, Shekertek Road:03, Dhaka 1207 ,,, 19/9, Prominent Housing, Shekertek Road:03, Dhaka 1207,,, 19/9, Prominent Housing, Shekertek Road:03, Dhaka 1207', 'Sublet Rent', 1, 1, '4', 2, 1, '2022-09-08 06:11:50', '2022-09-07 22:57:11', '2022-09-08 06:11:50', ''),
(123, 16, 'Prominent Housing, Shekertek', '19/9, Prominent Housing, Shekertek Road:03, Dhaka 1207 19/9, Prominent Housing, Shekertek Road:03, Dhaka 1207', 'Sublet Rent', 2, 3, '3', 3, 1, '2022-09-08 05:50:42', '2022-09-07 23:00:17', '2022-09-08 05:50:42', ''),
(124, 16, 'I need sublet', 'Location: Plot No-35/9, Road No-10, Rafique housing, PSC Culture, Mohammadpur, Dhaka.\r\n\r\nLand area: 7.88 Katha\r\n\r\nProject Type: Residential\r\n\r\nProject Status: under construction\r\n\r\nStoried: B+G+9\r\n\r\nFacing: South\r\n\r\nNumber of units: 3\r\n\r\nAvailable size: Type A-1330Sft, Type B-1410Sft, Type C-1760Sft\r\n\r\nAccommodation : 3 bed, 3 baths, 4 verandahs, Living,  Dining, Kitchen.\r\n\r\nAvailable floor: 1st Floor to 9th Floor\r\n\r\nTotal parking: 20\r\n\r\nAll modern facilities likes lift (Sigma- LG), Auto starts Generator, Rooftop community center, Garden, Drying space, Intercom & lot more.\r\n\r\nUtility: gas + water + electricity available\r\n\r\nHand over: December-2018\r\n\r\nBooking: 30 % of total price. Rest of the amount will pay equal monthly installment.', 'Sublet Rent', 2, 2, '4', 5, 1, '2022-09-08 06:15:05', '2022-09-07 23:17:23', '2022-09-08 06:15:05', ''),
(125, 16, 'Rest', 'The following will generate an <a> that looks like a button: The following will generate an <a> that looks like a button:', 'Sublet Rent', 2, 2, '8', 2, 1, NULL, '2022-09-08 07:04:44', '2022-09-08 07:04:44', ''),
(126, 16, 'my test rent house this month', 'In publishing and graphic design, meaningful content. Lorem ipsum may be used as a placeholder before the final copy is available', 'Flat Rent', 2, 2, '2', 4, 0, NULL, '2022-11-06 05:51:42', '2022-11-13 04:31:55', ''),
(127, 16, 'my test rent house this month', 'In publishing and graphic design, meaningful content. Lorem ipsum may be used as a placeholder before the final copy is available', 'Flat Rent', 2, 2, '2', 4, 1, NULL, '2022-11-06 06:00:56', '2022-11-06 06:00:56', ''),
(128, 16, 'my test rent house this month', 'In publishing and graphic design, meaningful content. Lorem ipsum may be used as a placeholder before the final copy is available', 'Flat Rent', 2, 2, '2', 4, 1, NULL, '2022-11-06 06:01:50', '2022-11-06 06:01:50', ''),
(129, 17, 'my test rent house this month', 'In publishing and graphic design, meaningful content. Lorem ipsum may be used as a placeholder before the final copy is available', 'Flat Rent', 2, 2, '2', 4, 1, NULL, '2022-11-13 04:31:18', '2022-11-13 04:36:51', '');

-- --------------------------------------------------------

--
-- Table structure for table `rent_infos`
--

CREATE TABLE `rent_infos` (
  `id` bigint UNSIGNED NOT NULL,
  `rent_id` bigint UNSIGNED NOT NULL,
  `available_from` date NOT NULL,
  `month` varchar(255) COLLATE utf8mb4_unicode_ci NOT NULL,
  `city_id` bigint UNSIGNED NOT NULL,
  `area_id` bigint UNSIGNED NOT NULL,
  `address` varchar(255) COLLATE utf8mb4_unicode_ci NOT NULL,
  `created_at` timestamp NULL DEFAULT NULL,
  `updated_at` timestamp NULL DEFAULT NULL
) ENGINE=InnoDB DEFAULT CHARSET=utf8mb4 COLLATE=utf8mb4_unicode_ci;

--
-- Dumping data for table `rent_infos`
--

INSERT INTO `rent_infos` (`id`, `rent_id`, `available_from`, `month`, `city_id`, `area_id`, `address`, `created_at`, `updated_at`) VALUES
(1, 1, '1995-07-31', 'July', 2, 154, '188 Walker Mills\nWatersside, IA 80522', '2022-09-03 05:37:14', '2022-09-03 05:37:14'),
(2, 2, '2021-09-29', 'September', 8, 57, '351 Brandyn Branch Apt. 216\nIsabelleside, NC 22901-4662', '2022-09-03 05:37:15', '2022-09-03 05:37:15'),
(3, 3, '1999-07-29', 'July', 12, 54, '306 Nadia Valleys\nWest Leopold, ME 31610', '2022-09-03 05:37:15', '2022-09-03 05:37:15'),
(4, 4, '2005-10-01', 'October', 9, 22, '1770 Bailee Drives\nWest Evaborough, MA 35850-4813', '2022-09-03 05:37:15', '2022-09-03 05:37:15'),
(5, 5, '2009-07-24', 'July', 14, 97, '6825 Leonora Place\nAlvahburgh, MN 67991-9737', '2022-09-03 05:37:15', '2022-09-03 05:37:15'),
(6, 6, '1983-03-29', 'March', 4, 139, '73962 Kreiger Springs Suite 165\nNew Uriel, FL 24118', '2022-09-03 05:37:15', '2022-09-03 05:37:15'),
(7, 7, '1983-05-16', 'May', 9, 146, '490 Koch Forges Apt. 421\nNew Estellaview, AR 29394-0909', '2022-09-03 05:37:15', '2022-09-03 05:37:15'),
(8, 8, '2004-08-30', 'August', 1, 55, '68217 Katelyn Corners Suite 298\nSouth Jamar, NJ 64619-7592', '2022-09-03 05:37:15', '2022-09-03 05:37:15'),
(9, 9, '1983-02-26', 'February', 1, 149, '587 Hipolito Underpass\nNew Halie, AK 88444', '2022-09-03 05:37:15', '2022-09-03 05:37:15'),
(10, 10, '1997-10-17', 'October', 11, 93, '549 Ward Viaduct\nSouth Alvahside, DC 54378-8875', '2022-09-03 05:37:15', '2022-09-03 05:37:15'),
(11, 11, '2012-04-30', 'April', 9, 87, '3071 Schamberger Extensions\nJosephland, CA 21577-2408', '2022-09-03 05:37:15', '2022-09-03 05:37:15'),
(12, 12, '1980-03-24', 'March', 6, 8, '5382 Maggio Walks\nRowechester, HI 96293', '2022-09-03 05:37:15', '2022-09-03 05:37:15'),
(13, 13, '1981-05-31', 'May', 4, 53, '3394 Halvorson Skyway Apt. 632\nPort Deonte, KS 62059', '2022-09-03 05:37:15', '2022-09-03 05:37:15'),
(14, 14, '1998-08-03', 'August', 5, 77, '32387 Reanna Falls\nPort Myriamshire, MD 44693', '2022-09-03 05:37:16', '2022-09-03 05:37:16'),
(15, 15, '1994-06-18', 'June', 1, 8, '65500 Walker Cliff\nNorth Joanmouth, NC 68688', '2022-09-03 05:37:16', '2022-09-03 05:37:16'),
(16, 16, '2016-03-06', 'March', 10, 133, '386 Eugenia Place Suite 159\nNew Alyssonport, VT 03110', '2022-09-03 05:37:16', '2022-09-03 05:37:16'),
(17, 17, '2005-02-25', 'February', 9, 53, '9098 Predovic Street Suite 829\nEast Tessmouth, MD 32636-0348', '2022-09-03 05:37:16', '2022-09-03 05:37:16'),
(18, 18, '1995-11-10', 'November', 2, 71, '432 Lindsey Drives\nEast Tess, RI 68747', '2022-09-03 05:37:16', '2022-09-03 05:37:16'),
(19, 19, '1973-02-28', 'February', 11, 1, '78301 Jaren Oval\nLehnerbury, NM 74197', '2022-09-03 05:37:16', '2022-09-03 05:37:16'),
(20, 20, '2018-09-24', 'September', 7, 99, '3986 Kertzmann Forest\nDaxside, MS 35693-0529', '2022-09-03 05:37:16', '2022-09-03 05:37:16'),
(21, 21, '2015-10-20', 'October', 14, 20, '7577 Adam Circle\nSouth Kirsten, NC 73688', '2022-09-03 05:37:16', '2022-09-03 05:37:16'),
(22, 22, '1973-02-08', 'February', 13, 61, '84443 Funk Rapid\nDareport, UT 55827', '2022-09-03 05:37:16', '2022-09-03 05:37:16'),
(23, 23, '1998-05-03', 'May', 5, 39, '5421 Dach Plaza\nPadbergside, WI 43711-6874', '2022-09-03 05:37:16', '2022-09-03 05:37:16'),
(24, 24, '1987-06-28', 'June', 12, 147, '41485 Colton Brooks Suite 302\nDickensstad, VT 14869-8173', '2022-09-03 05:37:16', '2022-09-03 05:37:16'),
(25, 25, '2015-03-08', 'March', 7, 95, '4973 Clare Center\nSouth Candacemouth, GA 38738', '2022-09-03 05:37:17', '2022-09-03 05:37:17'),
(26, 26, '2008-11-16', 'November', 3, 113, '82516 Santina Center Suite 493\nBrownview, TX 23221-3035', '2022-09-03 05:37:17', '2022-09-03 05:37:17'),
(27, 27, '2003-09-17', 'September', 2, 68, '62379 Lucinda Oval Apt. 006\nHaaghaven, NM 38291', '2022-09-03 05:37:17', '2022-09-03 05:37:17'),
(28, 28, '2018-05-29', 'May', 11, 81, '46210 Nicolas Loaf Apt. 107\nNew Ednaborough, NV 81082', '2022-09-03 05:37:17', '2022-09-03 05:37:17'),
(29, 29, '1972-11-09', 'November', 4, 106, '91723 Freda Trail Apt. 796\nEast Bartholometown, MN 70834', '2022-09-03 05:37:17', '2022-09-03 05:37:17'),
(30, 30, '2014-06-27', 'June', 9, 8, '103 Huel Station Apt. 982\nSouth Justus, FL 47204-9994', '2022-09-03 05:37:17', '2022-09-03 05:37:17'),
(31, 31, '1997-04-24', 'April', 9, 33, '84979 Libbie Inlet\nEllsworthborough, OK 53956-8005', '2022-09-03 05:37:17', '2022-09-03 05:37:17'),
(32, 32, '1972-05-19', 'May', 8, 32, '161 Jewel Light\nLake Faemouth, ME 12767-5577', '2022-09-03 05:37:17', '2022-09-03 05:37:17'),
(33, 33, '1994-12-01', 'December', 9, 83, '190 Keeling Forge Apt. 696\nBrendonstad, AZ 85314', '2022-09-03 05:37:17', '2022-09-03 05:37:17'),
(34, 34, '2018-06-28', 'June', 9, 69, '8868 Harris Mill Suite 428\nMitchellmouth, ME 20841-7579', '2022-09-03 05:37:17', '2022-09-03 05:37:17'),
(35, 35, '2014-05-14', 'May', 8, 103, '2635 Schuster Forest\nNew Jasperview, KS 23036-7003', '2022-09-03 05:37:17', '2022-09-03 05:37:17'),
(36, 36, '1980-05-29', 'May', 3, 13, '71299 Forest Tunnel Suite 368\nSouth Ellis, MI 46235-0503', '2022-09-03 05:37:17', '2022-09-03 05:37:17'),
(37, 37, '1974-01-27', 'January', 1, 69, '227 Collier Gateway Apt. 600\nBergefort, VT 53331', '2022-09-03 05:37:18', '2022-09-03 05:37:18'),
(38, 38, '1979-11-22', 'November', 3, 47, '71378 Barbara Plains\nKovacekborough, AL 00206', '2022-09-03 05:37:18', '2022-09-03 05:37:18'),
(39, 39, '2019-12-25', 'December', 4, 130, '81078 Dee Islands Apt. 148\nKubmouth, DE 30694-1885', '2022-09-03 05:37:18', '2022-09-03 05:37:18'),
(40, 40, '2004-08-04', 'August', 10, 122, '783 Fermin Mill Suite 363\nJoeyshire, CO 21870', '2022-09-03 05:37:18', '2022-09-03 05:37:18'),
(41, 41, '1974-05-20', 'May', 8, 106, '435 Kessler Trail Suite 588\nBuckside, HI 84926', '2022-09-03 05:37:18', '2022-09-03 05:37:18'),
(42, 42, '1985-01-05', 'January', 5, 82, '8199 Casper Harbor Suite 263\nLauraberg, CT 96748-2404', '2022-09-03 05:37:18', '2022-09-03 05:37:18'),
(43, 43, '2012-04-12', 'April', 5, 13, '69743 Davonte Junctions\nGutkowskibury, MT 47328-6181', '2022-09-03 05:37:18', '2022-09-03 05:37:18'),
(44, 44, '1981-11-26', 'November', 11, 31, '423 Calista Roads\nNarcisotown, KS 83304-8856', '2022-09-03 05:37:18', '2022-09-03 05:37:18'),
(45, 45, '2011-05-26', 'May', 8, 36, '942 Gerlach Common\nEast Marquesburgh, MA 18484-3184', '2022-09-03 05:37:18', '2022-09-03 05:37:18'),
(46, 46, '1996-01-19', 'January', 8, 10, '8926 Price Overpass\nMcLaughlinchester, WI 86860-0864', '2022-09-03 05:37:18', '2022-09-03 05:37:18'),
(47, 47, '2022-04-16', 'April', 13, 17, '8168 Sawayn Stream Apt. 723\nEast Nicholemouth, SD 45552', '2022-09-03 05:37:18', '2022-09-03 05:37:18'),
(48, 48, '1997-11-24', 'November', 3, 107, '83130 Maurice Route Apt. 241\nWest Lizafurt, OR 29859-3909', '2022-09-03 05:37:19', '2022-09-03 05:37:19'),
(49, 49, '1999-03-19', 'March', 13, 91, '9850 Cortney Forge\nLake Pearlburgh, SD 91710-0143', '2022-09-03 05:37:19', '2022-09-03 05:37:19'),
(50, 50, '1971-12-26', 'December', 7, 27, '833 Ellie Lights\nBraunchester, CT 77998', '2022-09-03 05:37:19', '2022-09-03 05:37:19'),
(51, 51, '1979-05-07', 'May', 12, 148, '838 Willms Turnpike\nNorth Graceburgh, WY 75450', '2022-09-03 05:37:19', '2022-09-03 05:37:19'),
(52, 52, '1972-07-10', 'July', 2, 46, '4289 Collins Summit\nErnamouth, IN 51263', '2022-09-03 05:37:19', '2022-09-03 05:37:19'),
(53, 53, '2012-07-21', 'July', 4, 54, '783 Nolan Valley Apt. 197\nWest Jayceestad, KY 33231', '2022-09-03 05:37:19', '2022-09-03 05:37:19'),
(54, 54, '2004-04-24', 'April', 4, 41, '3073 Waters Stream\nGoyetteland, OR 26079', '2022-09-03 05:37:19', '2022-09-03 05:37:19'),
(55, 55, '1978-10-06', 'October', 6, 75, '35521 Wilber Circle Suite 957\nNew Lizzie, MI 10576', '2022-09-03 05:37:19', '2022-09-03 05:37:19'),
(56, 56, '1986-07-26', 'July', 10, 76, '5723 Juvenal Lane Suite 847\nNatashatown, NE 86036', '2022-09-03 05:37:19', '2022-09-03 05:37:19'),
(57, 57, '1996-10-13', 'October', 3, 66, '63407 Lydia Gardens\nHarveyfurt, IN 34382', '2022-09-03 05:37:19', '2022-09-03 05:37:19'),
(58, 58, '2011-05-13', 'May', 3, 138, '64077 Kaelyn Harbors Apt. 403\nSouth Manuel, MT 23796', '2022-09-03 05:37:19', '2022-09-03 05:37:19'),
(59, 59, '2019-07-08', 'July', 9, 74, '616 Riley Lane Apt. 919\nReichelbury, SD 19475', '2022-09-03 05:37:20', '2022-09-03 05:37:20'),
(60, 60, '2005-11-15', 'November', 6, 74, '898 Gleason Haven\nGreenfeldertown, MI 79644-6207', '2022-09-03 05:37:20', '2022-09-03 05:37:20'),
(61, 61, '1992-09-03', 'September', 10, 70, '7357 Wehner Parkway Suite 054\nNorth Wava, ME 49358-7303', '2022-09-03 05:37:20', '2022-09-03 05:37:20'),
(62, 62, '1994-08-12', 'August', 10, 65, '17912 Adams Mountain\nLake Lavernafurt, PA 43723-2998', '2022-09-03 05:37:20', '2022-09-03 05:37:20'),
(63, 63, '2018-06-02', 'June', 5, 142, '1033 Mason Knoll\nKassulkeberg, MS 34381-5070', '2022-09-03 05:37:20', '2022-09-03 05:37:20'),
(64, 64, '1972-10-07', 'October', 3, 121, '7213 Elliot Vista\nPort Carolyneville, NM 32454', '2022-09-03 05:37:20', '2022-09-03 05:37:20'),
(65, 65, '1999-11-02', 'November', 14, 124, '2627 Korey Curve Apt. 130\nEast Hipolitomouth, WI 77488', '2022-09-03 05:37:20', '2022-09-03 05:37:20'),
(66, 66, '2015-11-07', 'November', 6, 93, '68959 Jerome Village Suite 475\nSouth Blaze, OR 33150', '2022-09-03 05:37:20', '2022-09-03 05:37:20'),
(67, 67, '2020-08-14', 'August', 4, 26, '918 Dedrick Common Apt. 252\nPort Gussie, NC 42956-3381', '2022-09-03 05:37:20', '2022-09-03 05:37:20'),
(68, 68, '1979-09-24', 'September', 7, 122, '122 Lewis Stravenue\nWest Dockfurt, KS 67341', '2022-09-03 05:37:20', '2022-09-03 05:37:20'),
(69, 69, '2021-12-11', 'December', 9, 70, '1478 Jake Creek\nAstridtown, WY 14115', '2022-09-03 05:37:20', '2022-09-03 05:37:20'),
(70, 70, '1998-11-13', 'November', 5, 117, '59097 Amari Key Suite 291\nLake Marjorie, OH 97327', '2022-09-03 05:37:21', '2022-09-03 05:37:21'),
(71, 71, '2006-10-07', 'October', 8, 124, '318 Rippin Fork\nEast Hattiemouth, OK 39621', '2022-09-03 05:37:21', '2022-09-03 05:37:21'),
(72, 72, '1998-06-23', 'June', 4, 127, '68215 Else Mall\nPort Addisonport, MS 11072', '2022-09-03 05:37:21', '2022-09-03 05:37:21'),
(73, 73, '1974-06-04', 'June', 11, 13, '160 Zoey Radial\nWest Alexiston, MO 49130', '2022-09-03 05:37:21', '2022-09-03 05:37:21'),
(74, 74, '1986-05-26', 'May', 11, 27, '3935 Bruen Neck Apt. 547\nSouth Margarettborough, NY 82917-4613', '2022-09-03 05:37:21', '2022-09-03 05:37:21'),
(75, 75, '1976-09-27', 'September', 9, 28, '36620 Abigale Mission Apt. 973\nCorbinshire, KS 35715', '2022-09-03 05:37:21', '2022-09-03 05:37:21'),
(76, 76, '2000-11-09', 'November', 12, 152, '54543 Zieme Field\nConroyfurt, ND 14461', '2022-09-03 05:37:21', '2022-09-03 05:37:21'),
(77, 77, '1976-02-09', 'February', 6, 25, '3868 Parker Forge Suite 550\nJamalborough, NY 54675', '2022-09-03 05:37:21', '2022-09-03 05:37:21'),
(78, 78, '1975-06-27', 'June', 14, 142, '34774 Iva Course Apt. 161\nRettafort, WY 29179-8461', '2022-09-03 05:37:21', '2022-09-03 05:37:21'),
(79, 79, '1973-08-02', 'August', 7, 73, '34895 Kutch Port\nRobelside, NY 22219', '2022-09-03 05:37:21', '2022-09-03 05:37:21'),
(80, 80, '1971-07-12', 'July', 12, 152, '7377 Dameon Spurs\nPort Cristinastad, NC 37227-8321', '2022-09-03 05:37:21', '2022-09-03 05:37:21'),
(81, 81, '2015-12-30', 'December', 2, 101, '902 Jaunita Cove Suite 019\nEast Leathastad, NY 68774-7453', '2022-09-03 05:37:22', '2022-09-03 05:37:22'),
(82, 82, '1982-10-17', 'October', 3, 81, '72346 Ceasar Light Suite 989\nJoetown, KS 20587-2152', '2022-09-03 05:37:22', '2022-09-03 05:37:22'),
(83, 83, '1980-11-20', 'November', 7, 10, '85372 Considine Flat\nWest Elouisestad, OH 85456-0362', '2022-09-03 05:37:22', '2022-09-03 05:37:22'),
(84, 84, '2009-02-06', 'February', 3, 103, '6979 Gerardo Cliff Suite 016\nNew Oralborough, VT 17090', '2022-09-03 05:37:22', '2022-09-03 05:37:22'),
(85, 85, '1977-10-19', 'October', 12, 61, '3687 Wilfred Land\nPort Conrad, NC 41697-2987', '2022-09-03 05:37:22', '2022-09-03 05:37:22'),
(86, 86, '2004-03-21', 'March', 4, 41, '5267 Botsford Key Suite 092\nFerrytown, AZ 32303-3409', '2022-09-03 05:37:22', '2022-09-03 05:37:22'),
(87, 87, '1987-06-22', 'June', 6, 18, '953 Klocko Islands\nGraciestad, MO 97046-1840', '2022-09-03 05:37:22', '2022-09-03 05:37:22'),
(88, 88, '1976-12-29', 'December', 8, 23, '14863 Nolan Station\nLonnietown, CA 13641-2852', '2022-09-03 05:37:22', '2022-09-03 05:37:22'),
(89, 89, '1987-12-15', 'December', 10, 131, '61955 Wolff Cliff\nRunteborough, RI 85900-0979', '2022-09-03 05:37:22', '2022-09-03 05:37:22'),
(90, 90, '1980-12-08', 'December', 5, 49, '81219 Emard Plaza Apt. 460\nWest Joaquin, MS 18732', '2022-09-03 05:37:22', '2022-09-03 05:37:22'),
(91, 91, '1972-05-02', 'May', 10, 16, '5687 Bruen Pines\nGloverberg, NJ 64108-8768', '2022-09-03 05:37:22', '2022-09-03 05:37:22'),
(92, 92, '1979-07-03', 'July', 6, 76, '47788 Norwood Crossing Suite 045\nRhettchester, VT 13326-9976', '2022-09-03 05:37:22', '2022-09-03 05:37:22'),
(93, 93, '1991-12-18', 'December', 14, 56, '4014 Legros Radial Apt. 679\nNorth Annalise, RI 41216-5628', '2022-09-03 05:37:23', '2022-09-03 05:37:23'),
(94, 94, '2012-05-27', 'May', 10, 45, '239 Cody Fork Apt. 780\nSouth Lilyhaven, TX 81085-4455', '2022-09-03 05:37:23', '2022-09-03 05:37:23'),
(95, 95, '2010-08-16', 'August', 12, 137, '27063 Bins Plaza Apt. 529\nEast Joelborough, OH 02047-2887', '2022-09-03 05:37:23', '2022-09-03 05:37:23'),
(96, 96, '2005-02-12', 'February', 7, 137, '9404 Kallie Field\nNorth Donnaberg, NM 22057', '2022-09-03 05:37:23', '2022-09-03 05:37:23'),
(97, 97, '2005-05-02', 'May', 7, 77, '3690 Hyatt Greens Apt. 825\nEast Marcelostad, OK 55602', '2022-09-03 05:37:23', '2022-09-03 05:37:23'),
(98, 98, '1991-02-18', 'February', 9, 68, '3778 Kuphal Gateway Apt. 541\nNew Antwon, SC 24690', '2022-09-03 05:37:23', '2022-09-03 05:37:23'),
(99, 99, '1988-02-27', 'February', 2, 126, '9690 Hodkiewicz Avenue\nPort Marciamouth, IA 08058', '2022-09-03 05:37:23', '2022-09-03 05:37:23'),
(100, 100, '2008-04-23', 'April', 11, 34, '360 Margarete Glen Apt. 711\nWest Delphiaberg, WA 47964-0710', '2022-09-03 05:37:23', '2022-09-03 05:37:23'),
(101, 101, '1976-01-05', 'January', 11, 96, '272 Predovic Roads Suite 113\nWest Juliana, OK 08508-2897', '2022-09-03 05:37:23', '2022-09-03 05:37:23'),
(102, 102, '2009-10-28', 'October', 4, 123, '565 Feeney Union Apt. 732\nMathiasmouth, SD 29092', '2022-09-03 05:37:23', '2022-09-03 05:37:23'),
(103, 103, '1974-03-11', 'March', 14, 107, '6116 Edna Hills Apt. 969\nLake Loycefurt, UT 79698', '2022-09-03 05:37:23', '2022-09-03 05:37:23'),
(104, 104, '1974-07-01', 'July', 9, 123, '4933 Durgan Vista\nAdamsberg, MN 59325', '2022-09-03 05:37:24', '2022-09-03 05:37:24'),
(105, 105, '2009-06-07', 'June', 8, 46, '347 Hills Camp Apt. 493\nSouth Wilbertshire, IA 97954', '2022-09-03 05:37:24', '2022-09-03 05:37:24'),
(106, 106, '1989-10-11', 'October', 7, 122, '553 Abshire Ramp\nMullerborough, NC 38359-0854', '2022-09-03 05:37:24', '2022-09-03 05:37:24'),
(107, 107, '2004-02-21', 'February', 5, 138, '82822 Opal River\nJoannyview, KY 98232-6537', '2022-09-03 05:37:24', '2022-09-03 05:37:24'),
(108, 108, '1983-10-08', 'October', 10, 79, '38710 Borer Club Suite 701\nWest Watsonburgh, OR 61176', '2022-09-03 05:37:24', '2022-09-03 05:37:24'),
(109, 109, '1971-06-04', 'June', 14, 9, '3275 Juston Row Apt. 519\nPort Crystalburgh, IN 65483', '2022-09-03 05:37:24', '2022-09-03 05:37:24'),
(110, 110, '2017-09-14', 'September', 11, 21, '364 Reymundo Alley Apt. 459\nMetzview, WA 91759-1153', '2022-09-03 05:37:24', '2022-09-03 05:37:24'),
(111, 111, '1974-09-16', 'September', 14, 43, '930 Gutmann Mews Suite 084\nWest Savion, VT 43156', '2022-09-03 05:37:24', '2022-09-03 05:37:24'),
(112, 112, '2000-08-07', 'August', 13, 4, '1312 Julius Points\nWest Dianaburgh, NH 39205-9017', '2022-09-03 05:37:24', '2022-09-03 05:37:24'),
(113, 113, '1976-08-05', 'August', 11, 57, '5171 Yoshiko Pine\nSchowalterberg, DE 70740', '2022-09-03 05:37:24', '2022-09-03 05:37:24'),
(114, 114, '2003-07-28', 'July', 7, 116, '189 Rosenbaum Inlet Apt. 943\nWest Maeberg, KY 31664-4297', '2022-09-03 05:37:24', '2022-09-03 05:37:24'),
(115, 115, '1982-12-09', 'December', 11, 114, '67339 Sonya Lane Suite 112\nLake Bernadetteland, IN 48661', '2022-09-03 05:37:25', '2022-09-03 05:37:25'),
(116, 116, '2007-06-18', 'June', 10, 151, '69703 Mosciski Mountains\nVirginiaport, IA 19344-5090', '2022-09-03 05:37:25', '2022-09-03 05:37:25'),
(117, 117, '1971-06-30', 'June', 6, 117, '24908 Carter Rue\nTesshaven, MN 00142-0769', '2022-09-03 05:37:25', '2022-09-03 05:37:25'),
(118, 119, '2022-10-01', 'J', 13, 133, '19/9, Prominent Housing, Shekertek Road:03, Dhaka 1207', '2022-09-07 01:02:43', '2022-09-07 01:02:43'),
(119, 120, '2022-09-08', 'September', 12, 125, '19/9, Prominent Housing, Shekertek Road:03, Dhaka 1207', '2022-09-07 01:32:20', '2022-09-08 04:46:58'),
(120, 121, '2022-09-30', 'J', 13, 133, '19/9, Prominent Housing, Shekertek Road:03, Dhaka 1207', '2022-09-07 04:21:20', '2022-09-07 04:21:20'),
(121, 122, '2022-10-01', 'October', 13, 133, '19/9, Prominent Housing, Shekertek Road:03, Dhaka 1207', '2022-09-07 22:57:11', '2022-09-07 22:57:11'),
(122, 123, '2022-09-09', 'September', 13, 134, '19/9, Prominent Housing, Shekertek Road:03, Dhaka 1207', '2022-09-07 23:00:17', '2022-09-07 23:00:17'),
(123, 124, '2022-10-01', 'October', 13, 133, '19/9, Prominent Housing, Shekertek Road:03, Dhaka 1207', '2022-09-07 23:17:23', '2022-09-07 23:17:23'),
(124, 125, '2022-10-01', 'October', 13, 133, 'The following will generate an <a> that looks like a button:', '2022-09-08 07:04:44', '2022-09-08 07:04:44'),
(125, 126, '2022-05-16', 'May', 5, 6, '9/2, Garden Street, Ring Road Shamoly, Adabor, Dhaka-1207', '2022-11-06 05:51:42', '2022-11-06 05:51:42'),
(126, 127, '2022-05-16', 'May', 5, 6, '9/2, Garden Street, Ring Road Shamoly, Adabor, Dhaka-1207', '2022-11-06 06:00:56', '2022-11-06 06:00:56'),
(127, 128, '2022-05-16', 'May', 5, 6, '9/2, Garden Street, Ring Road Shamoly, Adabor, Dhaka-1207', '2022-11-06 06:01:50', '2022-11-06 06:01:50'),
(128, 129, '2022-05-16', 'May', 5, 6, '9/2, Garden Street, Ring Road Shamoly, Adabor, Dhaka-1207', '2022-11-13 04:31:18', '2022-11-13 04:31:18');

-- --------------------------------------------------------

--
-- Table structure for table `rent_thumbnails`
--

CREATE TABLE `rent_thumbnails` (
  `id` bigint UNSIGNED NOT NULL,
  `rent_id` bigint UNSIGNED NOT NULL,
  `media_id` bigint UNSIGNED NOT NULL,
  `created_at` timestamp NULL DEFAULT NULL,
  `updated_at` timestamp NULL DEFAULT NULL
) ENGINE=InnoDB DEFAULT CHARSET=utf8mb4 COLLATE=utf8mb4_unicode_ci;

--
-- Dumping data for table `rent_thumbnails`
--

INSERT INTO `rent_thumbnails` (`id`, `rent_id`, `media_id`, `created_at`, `updated_at`) VALUES
(1, 1, 18, '2022-09-03 05:37:14', '2022-09-03 05:37:14'),
(2, 1, 19, '2022-09-03 05:37:14', '2022-09-03 05:37:14'),
(3, 1, 20, '2022-09-03 05:37:14', '2022-09-03 05:37:14'),
(4, 1, 21, '2022-09-03 05:37:14', '2022-09-03 05:37:14'),
(5, 2, 22, '2022-09-03 05:37:15', '2022-09-03 05:37:15'),
(6, 2, 23, '2022-09-03 05:37:15', '2022-09-03 05:37:15'),
(7, 2, 24, '2022-09-03 05:37:15', '2022-09-03 05:37:15'),
(8, 2, 25, '2022-09-03 05:37:15', '2022-09-03 05:37:15'),
(9, 3, 26, '2022-09-03 05:37:15', '2022-09-03 05:37:15'),
(10, 3, 27, '2022-09-03 05:37:15', '2022-09-03 05:37:15'),
(11, 3, 28, '2022-09-03 05:37:15', '2022-09-03 05:37:15'),
(12, 3, 29, '2022-09-03 05:37:15', '2022-09-03 05:37:15'),
(13, 4, 30, '2022-09-03 05:37:15', '2022-09-03 05:37:15'),
(14, 4, 31, '2022-09-03 05:37:15', '2022-09-03 05:37:15'),
(15, 4, 32, '2022-09-03 05:37:15', '2022-09-03 05:37:15'),
(16, 4, 33, '2022-09-03 05:37:15', '2022-09-03 05:37:15'),
(17, 5, 34, '2022-09-03 05:37:15', '2022-09-03 05:37:15'),
(18, 5, 35, '2022-09-03 05:37:15', '2022-09-03 05:37:15'),
(19, 5, 36, '2022-09-03 05:37:15', '2022-09-03 05:37:15'),
(20, 5, 37, '2022-09-03 05:37:15', '2022-09-03 05:37:15'),
(21, 6, 38, '2022-09-03 05:37:15', '2022-09-03 05:37:15'),
(22, 6, 39, '2022-09-03 05:37:15', '2022-09-03 05:37:15'),
(23, 6, 40, '2022-09-03 05:37:15', '2022-09-03 05:37:15'),
(24, 6, 41, '2022-09-03 05:37:15', '2022-09-03 05:37:15'),
(25, 7, 42, '2022-09-03 05:37:15', '2022-09-03 05:37:15'),
(26, 7, 43, '2022-09-03 05:37:15', '2022-09-03 05:37:15'),
(27, 7, 44, '2022-09-03 05:37:15', '2022-09-03 05:37:15'),
(28, 7, 45, '2022-09-03 05:37:15', '2022-09-03 05:37:15'),
(29, 8, 46, '2022-09-03 05:37:15', '2022-09-03 05:37:15'),
(30, 8, 47, '2022-09-03 05:37:15', '2022-09-03 05:37:15'),
(31, 8, 48, '2022-09-03 05:37:15', '2022-09-03 05:37:15'),
(32, 8, 49, '2022-09-03 05:37:15', '2022-09-03 05:37:15'),
(33, 9, 50, '2022-09-03 05:37:15', '2022-09-03 05:37:15'),
(34, 9, 51, '2022-09-03 05:37:15', '2022-09-03 05:37:15'),
(35, 9, 52, '2022-09-03 05:37:15', '2022-09-03 05:37:15'),
(36, 9, 53, '2022-09-03 05:37:15', '2022-09-03 05:37:15'),
(37, 10, 54, '2022-09-03 05:37:15', '2022-09-03 05:37:15'),
(38, 10, 55, '2022-09-03 05:37:15', '2022-09-03 05:37:15'),
(39, 10, 56, '2022-09-03 05:37:15', '2022-09-03 05:37:15'),
(40, 10, 57, '2022-09-03 05:37:15', '2022-09-03 05:37:15'),
(41, 11, 58, '2022-09-03 05:37:15', '2022-09-03 05:37:15'),
(42, 11, 59, '2022-09-03 05:37:15', '2022-09-03 05:37:15'),
(43, 11, 60, '2022-09-03 05:37:15', '2022-09-03 05:37:15'),
(44, 11, 61, '2022-09-03 05:37:15', '2022-09-03 05:37:15'),
(45, 12, 62, '2022-09-03 05:37:15', '2022-09-03 05:37:15'),
(46, 12, 63, '2022-09-03 05:37:15', '2022-09-03 05:37:15'),
(47, 12, 64, '2022-09-03 05:37:15', '2022-09-03 05:37:15'),
(48, 12, 65, '2022-09-03 05:37:15', '2022-09-03 05:37:15'),
(49, 13, 66, '2022-09-03 05:37:16', '2022-09-03 05:37:16'),
(50, 13, 67, '2022-09-03 05:37:16', '2022-09-03 05:37:16'),
(51, 13, 68, '2022-09-03 05:37:16', '2022-09-03 05:37:16'),
(52, 13, 69, '2022-09-03 05:37:16', '2022-09-03 05:37:16'),
(53, 14, 70, '2022-09-03 05:37:16', '2022-09-03 05:37:16'),
(54, 14, 71, '2022-09-03 05:37:16', '2022-09-03 05:37:16'),
(55, 14, 72, '2022-09-03 05:37:16', '2022-09-03 05:37:16'),
(56, 14, 73, '2022-09-03 05:37:16', '2022-09-03 05:37:16'),
(57, 15, 74, '2022-09-03 05:37:16', '2022-09-03 05:37:16'),
(58, 15, 75, '2022-09-03 05:37:16', '2022-09-03 05:37:16'),
(59, 15, 76, '2022-09-03 05:37:16', '2022-09-03 05:37:16'),
(60, 15, 77, '2022-09-03 05:37:16', '2022-09-03 05:37:16'),
(61, 16, 78, '2022-09-03 05:37:16', '2022-09-03 05:37:16'),
(62, 16, 79, '2022-09-03 05:37:16', '2022-09-03 05:37:16'),
(63, 16, 80, '2022-09-03 05:37:16', '2022-09-03 05:37:16'),
(64, 16, 81, '2022-09-03 05:37:16', '2022-09-03 05:37:16'),
(65, 17, 82, '2022-09-03 05:37:16', '2022-09-03 05:37:16'),
(66, 17, 83, '2022-09-03 05:37:16', '2022-09-03 05:37:16'),
(67, 17, 84, '2022-09-03 05:37:16', '2022-09-03 05:37:16'),
(68, 17, 85, '2022-09-03 05:37:16', '2022-09-03 05:37:16'),
(69, 18, 86, '2022-09-03 05:37:16', '2022-09-03 05:37:16'),
(70, 18, 87, '2022-09-03 05:37:16', '2022-09-03 05:37:16'),
(71, 18, 88, '2022-09-03 05:37:16', '2022-09-03 05:37:16'),
(72, 18, 89, '2022-09-03 05:37:16', '2022-09-03 05:37:16'),
(73, 19, 90, '2022-09-03 05:37:16', '2022-09-03 05:37:16'),
(74, 19, 91, '2022-09-03 05:37:16', '2022-09-03 05:37:16'),
(75, 19, 92, '2022-09-03 05:37:16', '2022-09-03 05:37:16'),
(76, 19, 93, '2022-09-03 05:37:16', '2022-09-03 05:37:16'),
(77, 20, 94, '2022-09-03 05:37:16', '2022-09-03 05:37:16'),
(78, 20, 95, '2022-09-03 05:37:16', '2022-09-03 05:37:16'),
(79, 20, 96, '2022-09-03 05:37:16', '2022-09-03 05:37:16'),
(80, 20, 97, '2022-09-03 05:37:16', '2022-09-03 05:37:16'),
(81, 21, 98, '2022-09-03 05:37:16', '2022-09-03 05:37:16'),
(82, 21, 99, '2022-09-03 05:37:16', '2022-09-03 05:37:16'),
(83, 21, 100, '2022-09-03 05:37:16', '2022-09-03 05:37:16'),
(84, 21, 101, '2022-09-03 05:37:16', '2022-09-03 05:37:16'),
(85, 22, 102, '2022-09-03 05:37:16', '2022-09-03 05:37:16'),
(86, 22, 103, '2022-09-03 05:37:16', '2022-09-03 05:37:16'),
(87, 22, 104, '2022-09-03 05:37:16', '2022-09-03 05:37:16'),
(88, 22, 105, '2022-09-03 05:37:16', '2022-09-03 05:37:16'),
(89, 23, 106, '2022-09-03 05:37:16', '2022-09-03 05:37:16'),
(90, 23, 107, '2022-09-03 05:37:16', '2022-09-03 05:37:16'),
(91, 23, 108, '2022-09-03 05:37:16', '2022-09-03 05:37:16'),
(92, 23, 109, '2022-09-03 05:37:16', '2022-09-03 05:37:16'),
(93, 24, 110, '2022-09-03 05:37:16', '2022-09-03 05:37:16'),
(94, 24, 111, '2022-09-03 05:37:16', '2022-09-03 05:37:16'),
(95, 24, 112, '2022-09-03 05:37:17', '2022-09-03 05:37:17'),
(96, 24, 113, '2022-09-03 05:37:17', '2022-09-03 05:37:17'),
(97, 25, 114, '2022-09-03 05:37:17', '2022-09-03 05:37:17'),
(98, 25, 115, '2022-09-03 05:37:17', '2022-09-03 05:37:17'),
(99, 25, 116, '2022-09-03 05:37:17', '2022-09-03 05:37:17'),
(100, 25, 117, '2022-09-03 05:37:17', '2022-09-03 05:37:17'),
(101, 26, 118, '2022-09-03 05:37:17', '2022-09-03 05:37:17'),
(102, 26, 119, '2022-09-03 05:37:17', '2022-09-03 05:37:17'),
(103, 26, 120, '2022-09-03 05:37:17', '2022-09-03 05:37:17'),
(104, 26, 121, '2022-09-03 05:37:17', '2022-09-03 05:37:17'),
(105, 27, 122, '2022-09-03 05:37:17', '2022-09-03 05:37:17'),
(106, 27, 123, '2022-09-03 05:37:17', '2022-09-03 05:37:17'),
(107, 27, 124, '2022-09-03 05:37:17', '2022-09-03 05:37:17'),
(108, 27, 125, '2022-09-03 05:37:17', '2022-09-03 05:37:17'),
(109, 28, 126, '2022-09-03 05:37:17', '2022-09-03 05:37:17'),
(110, 28, 127, '2022-09-03 05:37:17', '2022-09-03 05:37:17'),
(111, 28, 128, '2022-09-03 05:37:17', '2022-09-03 05:37:17'),
(112, 28, 129, '2022-09-03 05:37:17', '2022-09-03 05:37:17'),
(113, 29, 130, '2022-09-03 05:37:17', '2022-09-03 05:37:17'),
(114, 29, 131, '2022-09-03 05:37:17', '2022-09-03 05:37:17'),
(115, 29, 132, '2022-09-03 05:37:17', '2022-09-03 05:37:17'),
(116, 29, 133, '2022-09-03 05:37:17', '2022-09-03 05:37:17'),
(117, 30, 134, '2022-09-03 05:37:17', '2022-09-03 05:37:17'),
(118, 30, 135, '2022-09-03 05:37:17', '2022-09-03 05:37:17'),
(119, 30, 136, '2022-09-03 05:37:17', '2022-09-03 05:37:17'),
(120, 30, 137, '2022-09-03 05:37:17', '2022-09-03 05:37:17'),
(121, 31, 138, '2022-09-03 05:37:17', '2022-09-03 05:37:17'),
(122, 31, 139, '2022-09-03 05:37:17', '2022-09-03 05:37:17'),
(123, 31, 140, '2022-09-03 05:37:17', '2022-09-03 05:37:17'),
(124, 31, 141, '2022-09-03 05:37:17', '2022-09-03 05:37:17'),
(125, 32, 142, '2022-09-03 05:37:17', '2022-09-03 05:37:17'),
(126, 32, 143, '2022-09-03 05:37:17', '2022-09-03 05:37:17'),
(127, 32, 144, '2022-09-03 05:37:17', '2022-09-03 05:37:17'),
(128, 32, 145, '2022-09-03 05:37:17', '2022-09-03 05:37:17'),
(129, 33, 146, '2022-09-03 05:37:17', '2022-09-03 05:37:17'),
(130, 33, 147, '2022-09-03 05:37:17', '2022-09-03 05:37:17'),
(131, 33, 148, '2022-09-03 05:37:17', '2022-09-03 05:37:17'),
(132, 33, 149, '2022-09-03 05:37:17', '2022-09-03 05:37:17'),
(133, 34, 150, '2022-09-03 05:37:17', '2022-09-03 05:37:17'),
(134, 34, 151, '2022-09-03 05:37:17', '2022-09-03 05:37:17'),
(135, 34, 152, '2022-09-03 05:37:17', '2022-09-03 05:37:17'),
(136, 34, 153, '2022-09-03 05:37:17', '2022-09-03 05:37:17'),
(137, 35, 154, '2022-09-03 05:37:17', '2022-09-03 05:37:17'),
(138, 35, 155, '2022-09-03 05:37:17', '2022-09-03 05:37:17'),
(139, 35, 156, '2022-09-03 05:37:17', '2022-09-03 05:37:17'),
(140, 35, 157, '2022-09-03 05:37:17', '2022-09-03 05:37:17'),
(141, 36, 158, '2022-09-03 05:37:18', '2022-09-03 05:37:18'),
(142, 36, 159, '2022-09-03 05:37:18', '2022-09-03 05:37:18'),
(143, 36, 160, '2022-09-03 05:37:18', '2022-09-03 05:37:18'),
(144, 36, 161, '2022-09-03 05:37:18', '2022-09-03 05:37:18'),
(145, 37, 162, '2022-09-03 05:37:18', '2022-09-03 05:37:18'),
(146, 37, 163, '2022-09-03 05:37:18', '2022-09-03 05:37:18'),
(147, 37, 164, '2022-09-03 05:37:18', '2022-09-03 05:37:18'),
(148, 37, 165, '2022-09-03 05:37:18', '2022-09-03 05:37:18'),
(149, 38, 166, '2022-09-03 05:37:18', '2022-09-03 05:37:18'),
(150, 38, 167, '2022-09-03 05:37:18', '2022-09-03 05:37:18'),
(151, 38, 168, '2022-09-03 05:37:18', '2022-09-03 05:37:18'),
(152, 38, 169, '2022-09-03 05:37:18', '2022-09-03 05:37:18'),
(153, 39, 170, '2022-09-03 05:37:18', '2022-09-03 05:37:18'),
(154, 39, 171, '2022-09-03 05:37:18', '2022-09-03 05:37:18'),
(155, 39, 172, '2022-09-03 05:37:18', '2022-09-03 05:37:18'),
(156, 39, 173, '2022-09-03 05:37:18', '2022-09-03 05:37:18'),
(157, 40, 174, '2022-09-03 05:37:18', '2022-09-03 05:37:18'),
(158, 40, 175, '2022-09-03 05:37:18', '2022-09-03 05:37:18'),
(159, 40, 176, '2022-09-03 05:37:18', '2022-09-03 05:37:18'),
(160, 40, 177, '2022-09-03 05:37:18', '2022-09-03 05:37:18'),
(161, 41, 178, '2022-09-03 05:37:18', '2022-09-03 05:37:18'),
(162, 41, 179, '2022-09-03 05:37:18', '2022-09-03 05:37:18'),
(163, 41, 180, '2022-09-03 05:37:18', '2022-09-03 05:37:18'),
(164, 41, 181, '2022-09-03 05:37:18', '2022-09-03 05:37:18'),
(165, 42, 182, '2022-09-03 05:37:18', '2022-09-03 05:37:18'),
(166, 42, 183, '2022-09-03 05:37:18', '2022-09-03 05:37:18'),
(167, 42, 184, '2022-09-03 05:37:18', '2022-09-03 05:37:18'),
(168, 42, 185, '2022-09-03 05:37:18', '2022-09-03 05:37:18'),
(169, 43, 186, '2022-09-03 05:37:18', '2022-09-03 05:37:18'),
(170, 43, 187, '2022-09-03 05:37:18', '2022-09-03 05:37:18'),
(171, 43, 188, '2022-09-03 05:37:18', '2022-09-03 05:37:18'),
(172, 43, 189, '2022-09-03 05:37:18', '2022-09-03 05:37:18'),
(173, 44, 190, '2022-09-03 05:37:18', '2022-09-03 05:37:18'),
(174, 44, 191, '2022-09-03 05:37:18', '2022-09-03 05:37:18'),
(175, 44, 192, '2022-09-03 05:37:18', '2022-09-03 05:37:18'),
(176, 44, 193, '2022-09-03 05:37:18', '2022-09-03 05:37:18'),
(177, 45, 194, '2022-09-03 05:37:18', '2022-09-03 05:37:18'),
(178, 45, 195, '2022-09-03 05:37:18', '2022-09-03 05:37:18'),
(179, 45, 196, '2022-09-03 05:37:18', '2022-09-03 05:37:18'),
(180, 45, 197, '2022-09-03 05:37:18', '2022-09-03 05:37:18'),
(181, 46, 198, '2022-09-03 05:37:18', '2022-09-03 05:37:18'),
(182, 46, 199, '2022-09-03 05:37:18', '2022-09-03 05:37:18'),
(183, 46, 200, '2022-09-03 05:37:18', '2022-09-03 05:37:18'),
(184, 46, 201, '2022-09-03 05:37:18', '2022-09-03 05:37:18'),
(185, 47, 202, '2022-09-03 05:37:18', '2022-09-03 05:37:18'),
(186, 47, 203, '2022-09-03 05:37:19', '2022-09-03 05:37:19'),
(187, 47, 204, '2022-09-03 05:37:19', '2022-09-03 05:37:19'),
(188, 47, 205, '2022-09-03 05:37:19', '2022-09-03 05:37:19'),
(189, 48, 206, '2022-09-03 05:37:19', '2022-09-03 05:37:19'),
(190, 48, 207, '2022-09-03 05:37:19', '2022-09-03 05:37:19'),
(191, 48, 208, '2022-09-03 05:37:19', '2022-09-03 05:37:19'),
(192, 48, 209, '2022-09-03 05:37:19', '2022-09-03 05:37:19'),
(193, 49, 210, '2022-09-03 05:37:19', '2022-09-03 05:37:19'),
(194, 49, 211, '2022-09-03 05:37:19', '2022-09-03 05:37:19'),
(195, 49, 212, '2022-09-03 05:37:19', '2022-09-03 05:37:19'),
(196, 49, 213, '2022-09-03 05:37:19', '2022-09-03 05:37:19'),
(197, 50, 214, '2022-09-03 05:37:19', '2022-09-03 05:37:19'),
(198, 50, 215, '2022-09-03 05:37:19', '2022-09-03 05:37:19'),
(199, 50, 216, '2022-09-03 05:37:19', '2022-09-03 05:37:19'),
(200, 50, 217, '2022-09-03 05:37:19', '2022-09-03 05:37:19'),
(201, 51, 218, '2022-09-03 05:37:19', '2022-09-03 05:37:19'),
(202, 51, 219, '2022-09-03 05:37:19', '2022-09-03 05:37:19'),
(203, 51, 220, '2022-09-03 05:37:19', '2022-09-03 05:37:19'),
(204, 51, 221, '2022-09-03 05:37:19', '2022-09-03 05:37:19'),
(205, 52, 222, '2022-09-03 05:37:19', '2022-09-03 05:37:19'),
(206, 52, 223, '2022-09-03 05:37:19', '2022-09-03 05:37:19'),
(207, 52, 224, '2022-09-03 05:37:19', '2022-09-03 05:37:19'),
(208, 52, 225, '2022-09-03 05:37:19', '2022-09-03 05:37:19'),
(209, 53, 226, '2022-09-03 05:37:19', '2022-09-03 05:37:19'),
(210, 53, 227, '2022-09-03 05:37:19', '2022-09-03 05:37:19'),
(211, 53, 228, '2022-09-03 05:37:19', '2022-09-03 05:37:19'),
(212, 53, 229, '2022-09-03 05:37:19', '2022-09-03 05:37:19'),
(213, 54, 230, '2022-09-03 05:37:19', '2022-09-03 05:37:19'),
(214, 54, 231, '2022-09-03 05:37:19', '2022-09-03 05:37:19'),
(215, 54, 232, '2022-09-03 05:37:19', '2022-09-03 05:37:19'),
(216, 54, 233, '2022-09-03 05:37:19', '2022-09-03 05:37:19'),
(217, 55, 234, '2022-09-03 05:37:19', '2022-09-03 05:37:19'),
(218, 55, 235, '2022-09-03 05:37:19', '2022-09-03 05:37:19'),
(219, 55, 236, '2022-09-03 05:37:19', '2022-09-03 05:37:19'),
(220, 55, 237, '2022-09-03 05:37:19', '2022-09-03 05:37:19'),
(221, 56, 238, '2022-09-03 05:37:19', '2022-09-03 05:37:19'),
(222, 56, 239, '2022-09-03 05:37:19', '2022-09-03 05:37:19'),
(223, 56, 240, '2022-09-03 05:37:19', '2022-09-03 05:37:19'),
(224, 56, 241, '2022-09-03 05:37:19', '2022-09-03 05:37:19'),
(225, 57, 242, '2022-09-03 05:37:19', '2022-09-03 05:37:19'),
(226, 57, 243, '2022-09-03 05:37:19', '2022-09-03 05:37:19'),
(227, 57, 244, '2022-09-03 05:37:19', '2022-09-03 05:37:19'),
(228, 57, 245, '2022-09-03 05:37:19', '2022-09-03 05:37:19'),
(229, 58, 246, '2022-09-03 05:37:19', '2022-09-03 05:37:19'),
(230, 58, 247, '2022-09-03 05:37:19', '2022-09-03 05:37:19'),
(231, 58, 248, '2022-09-03 05:37:19', '2022-09-03 05:37:19'),
(232, 58, 249, '2022-09-03 05:37:19', '2022-09-03 05:37:19'),
(233, 59, 250, '2022-09-03 05:37:20', '2022-09-03 05:37:20'),
(234, 59, 251, '2022-09-03 05:37:20', '2022-09-03 05:37:20'),
(235, 59, 252, '2022-09-03 05:37:20', '2022-09-03 05:37:20'),
(236, 59, 253, '2022-09-03 05:37:20', '2022-09-03 05:37:20'),
(237, 60, 254, '2022-09-03 05:37:20', '2022-09-03 05:37:20'),
(238, 60, 255, '2022-09-03 05:37:20', '2022-09-03 05:37:20'),
(239, 60, 256, '2022-09-03 05:37:20', '2022-09-03 05:37:20'),
(240, 60, 257, '2022-09-03 05:37:20', '2022-09-03 05:37:20'),
(241, 61, 258, '2022-09-03 05:37:20', '2022-09-03 05:37:20'),
(242, 61, 259, '2022-09-03 05:37:20', '2022-09-03 05:37:20'),
(243, 61, 260, '2022-09-03 05:37:20', '2022-09-03 05:37:20'),
(244, 61, 261, '2022-09-03 05:37:20', '2022-09-03 05:37:20'),
(245, 62, 262, '2022-09-03 05:37:20', '2022-09-03 05:37:20'),
(246, 62, 263, '2022-09-03 05:37:20', '2022-09-03 05:37:20'),
(247, 62, 264, '2022-09-03 05:37:20', '2022-09-03 05:37:20'),
(248, 62, 265, '2022-09-03 05:37:20', '2022-09-03 05:37:20'),
(249, 63, 266, '2022-09-03 05:37:20', '2022-09-03 05:37:20'),
(250, 63, 267, '2022-09-03 05:37:20', '2022-09-03 05:37:20'),
(251, 63, 268, '2022-09-03 05:37:20', '2022-09-03 05:37:20'),
(252, 63, 269, '2022-09-03 05:37:20', '2022-09-03 05:37:20'),
(253, 64, 270, '2022-09-03 05:37:20', '2022-09-03 05:37:20'),
(254, 64, 271, '2022-09-03 05:37:20', '2022-09-03 05:37:20'),
(255, 64, 272, '2022-09-03 05:37:20', '2022-09-03 05:37:20'),
(256, 64, 273, '2022-09-03 05:37:20', '2022-09-03 05:37:20'),
(257, 65, 274, '2022-09-03 05:37:20', '2022-09-03 05:37:20'),
(258, 65, 275, '2022-09-03 05:37:20', '2022-09-03 05:37:20'),
(259, 65, 276, '2022-09-03 05:37:20', '2022-09-03 05:37:20'),
(260, 65, 277, '2022-09-03 05:37:20', '2022-09-03 05:37:20'),
(261, 66, 278, '2022-09-03 05:37:20', '2022-09-03 05:37:20'),
(262, 66, 279, '2022-09-03 05:37:20', '2022-09-03 05:37:20'),
(263, 66, 280, '2022-09-03 05:37:20', '2022-09-03 05:37:20'),
(264, 66, 281, '2022-09-03 05:37:20', '2022-09-03 05:37:20'),
(265, 67, 282, '2022-09-03 05:37:20', '2022-09-03 05:37:20'),
(266, 67, 283, '2022-09-03 05:37:20', '2022-09-03 05:37:20'),
(267, 67, 284, '2022-09-03 05:37:20', '2022-09-03 05:37:20'),
(268, 67, 285, '2022-09-03 05:37:20', '2022-09-03 05:37:20'),
(269, 68, 286, '2022-09-03 05:37:20', '2022-09-03 05:37:20'),
(270, 68, 287, '2022-09-03 05:37:20', '2022-09-03 05:37:20'),
(271, 68, 288, '2022-09-03 05:37:20', '2022-09-03 05:37:20'),
(272, 68, 289, '2022-09-03 05:37:20', '2022-09-03 05:37:20'),
(273, 69, 290, '2022-09-03 05:37:20', '2022-09-03 05:37:20'),
(274, 69, 291, '2022-09-03 05:37:20', '2022-09-03 05:37:20'),
(275, 69, 292, '2022-09-03 05:37:20', '2022-09-03 05:37:20'),
(276, 69, 293, '2022-09-03 05:37:20', '2022-09-03 05:37:20'),
(277, 70, 294, '2022-09-03 05:37:21', '2022-09-03 05:37:21'),
(278, 70, 295, '2022-09-03 05:37:21', '2022-09-03 05:37:21'),
(279, 70, 296, '2022-09-03 05:37:21', '2022-09-03 05:37:21'),
(280, 70, 297, '2022-09-03 05:37:21', '2022-09-03 05:37:21'),
(281, 71, 298, '2022-09-03 05:37:21', '2022-09-03 05:37:21'),
(282, 71, 299, '2022-09-03 05:37:21', '2022-09-03 05:37:21'),
(283, 71, 300, '2022-09-03 05:37:21', '2022-09-03 05:37:21'),
(284, 71, 301, '2022-09-03 05:37:21', '2022-09-03 05:37:21'),
(285, 72, 302, '2022-09-03 05:37:21', '2022-09-03 05:37:21'),
(286, 72, 303, '2022-09-03 05:37:21', '2022-09-03 05:37:21'),
(287, 72, 304, '2022-09-03 05:37:21', '2022-09-03 05:37:21'),
(288, 72, 305, '2022-09-03 05:37:21', '2022-09-03 05:37:21'),
(289, 73, 306, '2022-09-03 05:37:21', '2022-09-03 05:37:21'),
(290, 73, 307, '2022-09-03 05:37:21', '2022-09-03 05:37:21'),
(291, 73, 308, '2022-09-03 05:37:21', '2022-09-03 05:37:21'),
(292, 73, 309, '2022-09-03 05:37:21', '2022-09-03 05:37:21'),
(293, 74, 310, '2022-09-03 05:37:21', '2022-09-03 05:37:21'),
(294, 74, 311, '2022-09-03 05:37:21', '2022-09-03 05:37:21'),
(295, 74, 312, '2022-09-03 05:37:21', '2022-09-03 05:37:21'),
(296, 74, 313, '2022-09-03 05:37:21', '2022-09-03 05:37:21'),
(297, 75, 314, '2022-09-03 05:37:21', '2022-09-03 05:37:21'),
(298, 75, 315, '2022-09-03 05:37:21', '2022-09-03 05:37:21'),
(299, 75, 316, '2022-09-03 05:37:21', '2022-09-03 05:37:21'),
(300, 75, 317, '2022-09-03 05:37:21', '2022-09-03 05:37:21'),
(301, 76, 318, '2022-09-03 05:37:21', '2022-09-03 05:37:21'),
(302, 76, 319, '2022-09-03 05:37:21', '2022-09-03 05:37:21'),
(303, 76, 320, '2022-09-03 05:37:21', '2022-09-03 05:37:21'),
(304, 76, 321, '2022-09-03 05:37:21', '2022-09-03 05:37:21'),
(305, 77, 322, '2022-09-03 05:37:21', '2022-09-03 05:37:21'),
(306, 77, 323, '2022-09-03 05:37:21', '2022-09-03 05:37:21'),
(307, 77, 324, '2022-09-03 05:37:21', '2022-09-03 05:37:21'),
(308, 77, 325, '2022-09-03 05:37:21', '2022-09-03 05:37:21'),
(309, 78, 326, '2022-09-03 05:37:21', '2022-09-03 05:37:21'),
(310, 78, 327, '2022-09-03 05:37:21', '2022-09-03 05:37:21'),
(311, 78, 328, '2022-09-03 05:37:21', '2022-09-03 05:37:21'),
(312, 78, 329, '2022-09-03 05:37:21', '2022-09-03 05:37:21'),
(313, 79, 330, '2022-09-03 05:37:21', '2022-09-03 05:37:21'),
(314, 79, 331, '2022-09-03 05:37:21', '2022-09-03 05:37:21'),
(315, 79, 332, '2022-09-03 05:37:21', '2022-09-03 05:37:21'),
(316, 79, 333, '2022-09-03 05:37:21', '2022-09-03 05:37:21'),
(317, 80, 334, '2022-09-03 05:37:21', '2022-09-03 05:37:21'),
(318, 80, 335, '2022-09-03 05:37:21', '2022-09-03 05:37:21'),
(319, 80, 336, '2022-09-03 05:37:21', '2022-09-03 05:37:21'),
(320, 80, 337, '2022-09-03 05:37:21', '2022-09-03 05:37:21'),
(321, 81, 338, '2022-09-03 05:37:22', '2022-09-03 05:37:22'),
(322, 81, 339, '2022-09-03 05:37:22', '2022-09-03 05:37:22'),
(323, 81, 340, '2022-09-03 05:37:22', '2022-09-03 05:37:22'),
(324, 81, 341, '2022-09-03 05:37:22', '2022-09-03 05:37:22'),
(325, 82, 342, '2022-09-03 05:37:22', '2022-09-03 05:37:22'),
(326, 82, 343, '2022-09-03 05:37:22', '2022-09-03 05:37:22'),
(327, 82, 344, '2022-09-03 05:37:22', '2022-09-03 05:37:22'),
(328, 82, 345, '2022-09-03 05:37:22', '2022-09-03 05:37:22'),
(329, 83, 346, '2022-09-03 05:37:22', '2022-09-03 05:37:22'),
(330, 83, 347, '2022-09-03 05:37:22', '2022-09-03 05:37:22'),
(331, 83, 348, '2022-09-03 05:37:22', '2022-09-03 05:37:22'),
(332, 83, 349, '2022-09-03 05:37:22', '2022-09-03 05:37:22'),
(333, 84, 350, '2022-09-03 05:37:22', '2022-09-03 05:37:22'),
(334, 84, 351, '2022-09-03 05:37:22', '2022-09-03 05:37:22'),
(335, 84, 352, '2022-09-03 05:37:22', '2022-09-03 05:37:22'),
(336, 84, 353, '2022-09-03 05:37:22', '2022-09-03 05:37:22'),
(337, 85, 354, '2022-09-03 05:37:22', '2022-09-03 05:37:22'),
(338, 85, 355, '2022-09-03 05:37:22', '2022-09-03 05:37:22'),
(339, 85, 356, '2022-09-03 05:37:22', '2022-09-03 05:37:22'),
(340, 85, 357, '2022-09-03 05:37:22', '2022-09-03 05:37:22'),
(341, 86, 358, '2022-09-03 05:37:22', '2022-09-03 05:37:22'),
(342, 86, 359, '2022-09-03 05:37:22', '2022-09-03 05:37:22'),
(343, 86, 360, '2022-09-03 05:37:22', '2022-09-03 05:37:22'),
(344, 86, 361, '2022-09-03 05:37:22', '2022-09-03 05:37:22'),
(345, 87, 362, '2022-09-03 05:37:22', '2022-09-03 05:37:22'),
(346, 87, 363, '2022-09-03 05:37:22', '2022-09-03 05:37:22'),
(347, 87, 364, '2022-09-03 05:37:22', '2022-09-03 05:37:22'),
(348, 87, 365, '2022-09-03 05:37:22', '2022-09-03 05:37:22'),
(349, 88, 366, '2022-09-03 05:37:22', '2022-09-03 05:37:22'),
(350, 88, 367, '2022-09-03 05:37:22', '2022-09-03 05:37:22'),
(351, 88, 368, '2022-09-03 05:37:22', '2022-09-03 05:37:22'),
(352, 88, 369, '2022-09-03 05:37:22', '2022-09-03 05:37:22'),
(353, 89, 370, '2022-09-03 05:37:22', '2022-09-03 05:37:22'),
(354, 89, 371, '2022-09-03 05:37:22', '2022-09-03 05:37:22'),
(355, 89, 372, '2022-09-03 05:37:22', '2022-09-03 05:37:22'),
(356, 89, 373, '2022-09-03 05:37:22', '2022-09-03 05:37:22'),
(357, 90, 374, '2022-09-03 05:37:22', '2022-09-03 05:37:22'),
(358, 90, 375, '2022-09-03 05:37:22', '2022-09-03 05:37:22'),
(359, 90, 376, '2022-09-03 05:37:22', '2022-09-03 05:37:22'),
(360, 90, 377, '2022-09-03 05:37:22', '2022-09-03 05:37:22'),
(361, 91, 378, '2022-09-03 05:37:22', '2022-09-03 05:37:22'),
(362, 91, 379, '2022-09-03 05:37:22', '2022-09-03 05:37:22'),
(363, 91, 380, '2022-09-03 05:37:22', '2022-09-03 05:37:22'),
(364, 91, 381, '2022-09-03 05:37:22', '2022-09-03 05:37:22'),
(365, 92, 382, '2022-09-03 05:37:22', '2022-09-03 05:37:22'),
(366, 92, 383, '2022-09-03 05:37:23', '2022-09-03 05:37:23'),
(367, 92, 384, '2022-09-03 05:37:23', '2022-09-03 05:37:23'),
(368, 92, 385, '2022-09-03 05:37:23', '2022-09-03 05:37:23'),
(369, 93, 386, '2022-09-03 05:37:23', '2022-09-03 05:37:23'),
(370, 93, 387, '2022-09-03 05:37:23', '2022-09-03 05:37:23'),
(371, 93, 388, '2022-09-03 05:37:23', '2022-09-03 05:37:23'),
(372, 93, 389, '2022-09-03 05:37:23', '2022-09-03 05:37:23'),
(373, 94, 390, '2022-09-03 05:37:23', '2022-09-03 05:37:23'),
(374, 94, 391, '2022-09-03 05:37:23', '2022-09-03 05:37:23'),
(375, 94, 392, '2022-09-03 05:37:23', '2022-09-03 05:37:23'),
(376, 94, 393, '2022-09-03 05:37:23', '2022-09-03 05:37:23'),
(377, 95, 394, '2022-09-03 05:37:23', '2022-09-03 05:37:23'),
(378, 95, 395, '2022-09-03 05:37:23', '2022-09-03 05:37:23'),
(379, 95, 396, '2022-09-03 05:37:23', '2022-09-03 05:37:23'),
(380, 95, 397, '2022-09-03 05:37:23', '2022-09-03 05:37:23'),
(381, 96, 398, '2022-09-03 05:37:23', '2022-09-03 05:37:23'),
(382, 96, 399, '2022-09-03 05:37:23', '2022-09-03 05:37:23'),
(383, 96, 400, '2022-09-03 05:37:23', '2022-09-03 05:37:23'),
(384, 96, 401, '2022-09-03 05:37:23', '2022-09-03 05:37:23'),
(385, 97, 402, '2022-09-03 05:37:23', '2022-09-03 05:37:23'),
(386, 97, 403, '2022-09-03 05:37:23', '2022-09-03 05:37:23'),
(387, 97, 404, '2022-09-03 05:37:23', '2022-09-03 05:37:23'),
(388, 97, 405, '2022-09-03 05:37:23', '2022-09-03 05:37:23'),
(389, 98, 406, '2022-09-03 05:37:23', '2022-09-03 05:37:23'),
(390, 98, 407, '2022-09-03 05:37:23', '2022-09-03 05:37:23'),
(391, 98, 408, '2022-09-03 05:37:23', '2022-09-03 05:37:23'),
(392, 98, 409, '2022-09-03 05:37:23', '2022-09-03 05:37:23'),
(393, 99, 410, '2022-09-03 05:37:23', '2022-09-03 05:37:23'),
(394, 99, 411, '2022-09-03 05:37:23', '2022-09-03 05:37:23'),
(395, 99, 412, '2022-09-03 05:37:23', '2022-09-03 05:37:23'),
(396, 99, 413, '2022-09-03 05:37:23', '2022-09-03 05:37:23'),
(397, 100, 414, '2022-09-03 05:37:23', '2022-09-03 05:37:23'),
(398, 100, 415, '2022-09-03 05:37:23', '2022-09-03 05:37:23'),
(399, 100, 416, '2022-09-03 05:37:23', '2022-09-03 05:37:23'),
(400, 100, 417, '2022-09-03 05:37:23', '2022-09-03 05:37:23'),
(401, 101, 418, '2022-09-03 05:37:23', '2022-09-03 05:37:23'),
(402, 101, 419, '2022-09-03 05:37:23', '2022-09-03 05:37:23'),
(403, 101, 420, '2022-09-03 05:37:23', '2022-09-03 05:37:23'),
(404, 101, 421, '2022-09-03 05:37:23', '2022-09-03 05:37:23'),
(405, 102, 422, '2022-09-03 05:37:23', '2022-09-03 05:37:23'),
(406, 102, 423, '2022-09-03 05:37:23', '2022-09-03 05:37:23'),
(407, 102, 424, '2022-09-03 05:37:23', '2022-09-03 05:37:23'),
(408, 102, 425, '2022-09-03 05:37:23', '2022-09-03 05:37:23'),
(409, 103, 426, '2022-09-03 05:37:23', '2022-09-03 05:37:23'),
(410, 103, 427, '2022-09-03 05:37:23', '2022-09-03 05:37:23'),
(411, 103, 428, '2022-09-03 05:37:23', '2022-09-03 05:37:23'),
(412, 103, 429, '2022-09-03 05:37:23', '2022-09-03 05:37:23'),
(413, 104, 430, '2022-09-03 05:37:24', '2022-09-03 05:37:24'),
(414, 104, 431, '2022-09-03 05:37:24', '2022-09-03 05:37:24'),
(415, 104, 432, '2022-09-03 05:37:24', '2022-09-03 05:37:24'),
(416, 104, 433, '2022-09-03 05:37:24', '2022-09-03 05:37:24'),
(417, 105, 434, '2022-09-03 05:37:24', '2022-09-03 05:37:24'),
(418, 105, 435, '2022-09-03 05:37:24', '2022-09-03 05:37:24'),
(419, 105, 436, '2022-09-03 05:37:24', '2022-09-03 05:37:24'),
(420, 105, 437, '2022-09-03 05:37:24', '2022-09-03 05:37:24'),
(421, 106, 438, '2022-09-03 05:37:24', '2022-09-03 05:37:24'),
(422, 106, 439, '2022-09-03 05:37:24', '2022-09-03 05:37:24'),
(423, 106, 440, '2022-09-03 05:37:24', '2022-09-03 05:37:24'),
(424, 106, 441, '2022-09-03 05:37:24', '2022-09-03 05:37:24'),
(425, 107, 442, '2022-09-03 05:37:24', '2022-09-03 05:37:24'),
(426, 107, 443, '2022-09-03 05:37:24', '2022-09-03 05:37:24'),
(427, 107, 444, '2022-09-03 05:37:24', '2022-09-03 05:37:24'),
(428, 107, 445, '2022-09-03 05:37:24', '2022-09-03 05:37:24'),
(429, 108, 446, '2022-09-03 05:37:24', '2022-09-03 05:37:24'),
(430, 108, 447, '2022-09-03 05:37:24', '2022-09-03 05:37:24'),
(431, 108, 448, '2022-09-03 05:37:24', '2022-09-03 05:37:24'),
(432, 108, 449, '2022-09-03 05:37:24', '2022-09-03 05:37:24'),
(433, 109, 450, '2022-09-03 05:37:24', '2022-09-03 05:37:24'),
(434, 109, 451, '2022-09-03 05:37:24', '2022-09-03 05:37:24'),
(435, 109, 452, '2022-09-03 05:37:24', '2022-09-03 05:37:24'),
(436, 109, 453, '2022-09-03 05:37:24', '2022-09-03 05:37:24'),
(437, 110, 454, '2022-09-03 05:37:24', '2022-09-03 05:37:24'),
(438, 110, 455, '2022-09-03 05:37:24', '2022-09-03 05:37:24'),
(439, 110, 456, '2022-09-03 05:37:24', '2022-09-03 05:37:24'),
(440, 110, 457, '2022-09-03 05:37:24', '2022-09-03 05:37:24'),
(441, 111, 458, '2022-09-03 05:37:24', '2022-09-03 05:37:24'),
(442, 111, 459, '2022-09-03 05:37:24', '2022-09-03 05:37:24'),
(443, 111, 460, '2022-09-03 05:37:24', '2022-09-03 05:37:24'),
(444, 111, 461, '2022-09-03 05:37:24', '2022-09-03 05:37:24'),
(445, 112, 462, '2022-09-03 05:37:24', '2022-09-03 05:37:24'),
(446, 112, 463, '2022-09-03 05:37:24', '2022-09-03 05:37:24'),
(447, 112, 464, '2022-09-03 05:37:24', '2022-09-03 05:37:24'),
(448, 112, 465, '2022-09-03 05:37:24', '2022-09-03 05:37:24'),
(449, 113, 466, '2022-09-03 05:37:24', '2022-09-03 05:37:24'),
(450, 113, 467, '2022-09-03 05:37:24', '2022-09-03 05:37:24'),
(451, 113, 468, '2022-09-03 05:37:24', '2022-09-03 05:37:24'),
(452, 113, 469, '2022-09-03 05:37:24', '2022-09-03 05:37:24'),
(453, 114, 470, '2022-09-03 05:37:24', '2022-09-03 05:37:24'),
(454, 114, 471, '2022-09-03 05:37:24', '2022-09-03 05:37:24'),
(455, 114, 472, '2022-09-03 05:37:24', '2022-09-03 05:37:24'),
(456, 114, 473, '2022-09-03 05:37:24', '2022-09-03 05:37:24'),
(457, 115, 474, '2022-09-03 05:37:25', '2022-09-03 05:37:25'),
(458, 115, 475, '2022-09-03 05:37:25', '2022-09-03 05:37:25'),
(459, 115, 476, '2022-09-03 05:37:25', '2022-09-03 05:37:25'),
(460, 115, 477, '2022-09-03 05:37:25', '2022-09-03 05:37:25'),
(461, 116, 478, '2022-09-03 05:37:25', '2022-09-03 05:37:25'),
(462, 116, 479, '2022-09-03 05:37:25', '2022-09-03 05:37:25'),
(463, 116, 480, '2022-09-03 05:37:25', '2022-09-03 05:37:25'),
(464, 116, 481, '2022-09-03 05:37:25', '2022-09-03 05:37:25'),
(465, 117, 482, '2022-09-03 05:37:25', '2022-09-03 05:37:25'),
(466, 117, 483, '2022-09-03 05:37:25', '2022-09-03 05:37:25'),
(467, 117, 484, '2022-09-03 05:37:25', '2022-09-03 05:37:25'),
(468, 117, 485, '2022-09-03 05:37:25', '2022-09-03 05:37:25'),
(469, 124, 487, '2022-09-07 23:17:23', '2022-09-07 23:17:23'),
(470, 124, 488, '2022-09-07 23:17:23', '2022-09-07 23:17:23'),
(471, 124, 489, '2022-09-07 23:17:23', '2022-09-07 23:17:23'),
(472, 123, 490, '2022-09-08 04:12:24', '2022-09-08 04:12:24'),
(473, 123, 491, '2022-09-08 04:12:24', '2022-09-08 04:12:24'),
(474, 123, 492, '2022-09-08 04:12:24', '2022-09-08 04:12:24'),
(475, 123, 493, '2022-09-08 04:12:24', '2022-09-08 04:12:24'),
(476, 120, 494, '2022-09-08 04:46:58', '2022-09-08 04:46:58'),
(477, 125, 495, '2022-09-08 07:04:44', '2022-09-08 07:04:44'),
(478, 125, 496, '2022-09-08 07:04:44', '2022-09-08 07:04:44'),
(479, 125, 497, '2022-09-08 07:04:44', '2022-09-08 07:04:44'),
(480, 125, 498, '2022-09-08 07:04:44', '2022-09-08 07:04:44'),
(481, 128, 499, '2022-11-06 06:01:51', '2022-11-06 06:01:51'),
(482, 128, 500, '2022-11-06 06:01:51', '2022-11-06 06:01:51'),
(483, 129, 501, '2022-11-13 04:31:18', '2022-11-13 04:31:18'),
(484, 129, 502, '2022-11-13 04:31:18', '2022-11-13 04:31:18');

-- --------------------------------------------------------

--
-- Table structure for table `roles`
--

CREATE TABLE `roles` (
  `id` bigint UNSIGNED NOT NULL,
  `name` varchar(255) COLLATE utf8mb4_unicode_ci NOT NULL,
  `guard_name` varchar(255) COLLATE utf8mb4_unicode_ci NOT NULL,
  `created_at` timestamp NULL DEFAULT NULL,
  `updated_at` timestamp NULL DEFAULT NULL
) ENGINE=InnoDB DEFAULT CHARSET=utf8mb4 COLLATE=utf8mb4_unicode_ci;

--
-- Dumping data for table `roles`
--

INSERT INTO `roles` (`id`, `name`, `guard_name`, `created_at`, `updated_at`) VALUES
(1, 'root', 'web', NULL, NULL),
(2, 'admin', 'web', NULL, NULL),
(3, 'customer', 'web', NULL, NULL);

-- --------------------------------------------------------

--
-- Table structure for table `role_has_permissions`
--

CREATE TABLE `role_has_permissions` (
  `permission_id` bigint UNSIGNED NOT NULL,
  `role_id` bigint UNSIGNED NOT NULL
) ENGINE=InnoDB DEFAULT CHARSET=utf8mb4 COLLATE=utf8mb4_unicode_ci;

--
-- Dumping data for table `role_has_permissions`
--

INSERT INTO `role_has_permissions` (`permission_id`, `role_id`) VALUES
(1, 1),
(1, 2);

-- --------------------------------------------------------

--
-- Table structure for table `socials`
--

CREATE TABLE `socials` (
  `id` bigint UNSIGNED NOT NULL,
  `icon` varchar(255) COLLATE utf8mb4_unicode_ci DEFAULT NULL,
  `link` text COLLATE utf8mb4_unicode_ci,
  `target` varchar(255) COLLATE utf8mb4_unicode_ci DEFAULT NULL,
  `created_at` timestamp NULL DEFAULT NULL,
  `updated_at` timestamp NULL DEFAULT NULL
) ENGINE=InnoDB DEFAULT CHARSET=utf8mb4 COLLATE=utf8mb4_unicode_ci;

--
-- Dumping data for table `socials`
--

INSERT INTO `socials` (`id`, `icon`, `link`, `target`, `created_at`, `updated_at`) VALUES
(1, 'fa-facebook-f', 'https://www.facebook.com/', '_blank', '2022-09-12 03:06:19', '2022-09-12 05:03:43'),
(2, 'fa-twitter', 'https://twitter.com/', '_blank', '2022-09-12 05:02:21', '2022-09-12 05:03:18');

-- --------------------------------------------------------

--
-- Table structure for table `users`
--

CREATE TABLE `users` (
  `id` bigint UNSIGNED NOT NULL,
  `first_name` varchar(255) COLLATE utf8mb4_unicode_ci DEFAULT NULL,
  `last_name` varchar(255) COLLATE utf8mb4_unicode_ci DEFAULT NULL,
  `email` varchar(255) COLLATE utf8mb4_unicode_ci DEFAULT NULL,
  `phone` varchar(255) COLLATE utf8mb4_unicode_ci NOT NULL,
  `additional_phone` varchar(255) COLLATE utf8mb4_unicode_ci DEFAULT NULL,
  `email_verified_at` timestamp NULL DEFAULT NULL,
  `phone_verified_at` timestamp NULL DEFAULT NULL,
  `media_id` bigint UNSIGNED DEFAULT NULL,
  `password` varchar(255) COLLATE utf8mb4_unicode_ci NOT NULL,
  `is_approved` tinyint(1) NOT NULL DEFAULT '1',
  `remember_token` varchar(100) COLLATE utf8mb4_unicode_ci DEFAULT NULL,
  `created_at` timestamp NULL DEFAULT NULL,
  `updated_at` timestamp NULL DEFAULT NULL
) ENGINE=InnoDB DEFAULT CHARSET=utf8mb4 COLLATE=utf8mb4_unicode_ci;

--
-- Dumping data for table `users`
--

INSERT INTO `users` (`id`, `first_name`, `last_name`, `email`, `phone`, `additional_phone`, `email_verified_at`, `phone_verified_at`, `media_id`, `password`, `is_approved`, `remember_token`, `created_at`, `updated_at`) VALUES
(1, 'Admin', 'Mrs. Meredith Halvorson', 'admin@example.com', '01234567891', NULL, '2022-09-03 05:37:12', '2022-09-03 05:37:12', 1, '$2y$10$XXDoDqjf6x.6RazM57Ct8uZtH1qqlyghgwSRNoC3mG6qcGMq3uRm6', 1, 'h5B7BehEJTgGldMV0OQZpAR9uinlJRX66tgmLwq05B8JcwUL5x15Llzaludr', '2022-09-03 05:37:13', '2022-09-03 05:37:13'),
(2, 'Cheyenne Feest DVM', 'Madonna Lesch', 'jamarcus.kertzmann@example.com', '+1 (940) 585-6862', NULL, '2022-09-03 05:37:13', '2022-09-03 05:37:13', 2, '$2y$10$2wMATTFcsXIssAmc29iLfeZv66XfPC8LfxsWsOM47u6PpksA0s3nC', 0, 'UIvQfPx6h6', '2022-09-03 05:37:13', '2022-09-03 05:37:13'),
(3, 'Orpha Runolfsdottir', 'Aileen Harris', 'customer-0@example.com', '1-385-503-2973', NULL, '2022-09-03 05:37:13', '2022-09-03 05:37:13', 3, '$2y$10$OGcIZHJ/gHExo8C3NPtYgOq5ec6wNf1ei4vDeuwMY3H1ig2uUjvUy', 1, 'LbWGXa1dT7', '2022-09-03 05:37:13', '2022-09-03 05:37:13'),
(4, 'Mrs. Syble Green MD', 'Maximillian Kuhic', 'customer-1@example.com', '+17159932978', NULL, '2022-09-03 05:37:13', '2022-09-03 05:37:13', 4, '$2y$10$.i9Fjo9LUnkASI7XZw2Yv.1B64kbvPEjgOksBx6vQSHFSl0e8Iy3.', 1, 'epX3ecLsNR', '2022-09-03 05:37:13', '2022-09-03 05:37:13'),
(5, 'Mr. Rodolfo Wilderman II', 'Prof. Peggie Stracke Sr.', 'customer-2@example.com', '(716) 758-2110', NULL, '2022-09-03 05:37:13', '2022-09-03 05:37:13', 5, '$2y$10$bHPg63TilD.21gY.VPlx7.V2k.zF0wqA3wGKBPxRPmczaISino4H6', 1, 'wTEjpiM65E', '2022-09-03 05:37:13', '2022-09-03 05:37:13'),
(6, 'Glenna Marks', 'Garret Lesch DDS', 'customer-3@example.com', '(283) 598-5680', NULL, '2022-09-03 05:37:13', '2022-09-03 05:37:13', 6, '$2y$10$lYy1xuEdbrcjOkPe20ohTemt1IAe0jvn01GjqU7DE4mcDpYNdIN0m', 0, 'n5DU8PhzZc', '2022-09-03 05:37:13', '2022-09-03 05:37:13'),
(7, 'Florencio McClure', 'Dr. Presley McGlynn', 'customer-4@example.com', '+18452396474', NULL, '2022-09-03 05:37:13', '2022-09-03 05:37:13', 7, '$2y$10$IIsVNBspiuDeCqRAUG4kaefr5rnx69AA/v53eOBuCaaY7IT82NGym', 0, 'YJNsIOy4Yi', '2022-09-03 05:37:13', '2022-09-03 05:37:13'),
(8, 'Nola Towne', 'Shemar Howe', 'customer-5@example.com', '(878) 567-8065', NULL, '2022-09-03 05:37:13', '2022-09-03 05:37:13', 8, '$2y$10$zIPMJl3UDXViy2D8kEYKT.lQggqojDwlMsLckhsR9fj3Y8BnacuUO', 0, 'mb4DxQ3KCo', '2022-09-03 05:37:13', '2022-09-03 05:37:13'),
(9, 'Madisen Lind', 'Vilma Rosenbaum', 'customer-6@example.com', '+16369456515', NULL, '2022-09-03 05:37:13', '2022-09-03 05:37:13', 9, '$2y$10$DD.gfCE3DZTedqPUzcryJurEVQmD50mM7QsrKiiIF3hZ7QXBEJahm', 1, 'RHgO6sewJV', '2022-09-03 05:37:13', '2022-09-03 05:37:13'),
(10, 'Mr. Juwan Zemlak', 'Watson Heathcote', 'customer-7@example.com', '+1.936.817.2173', NULL, '2022-09-03 05:37:13', '2022-09-03 05:37:13', 10, '$2y$10$A8Z22W8/3B4RkbZQCMNwL.am4NvemfeGFikk1n1ExWUjd4hzhNCP.', 1, 'W2EdUd8QMD', '2022-09-03 05:37:13', '2022-09-03 05:37:13'),
(11, 'Brannon Ruecker Sr.', 'Dr. Micah Heaney', 'customer-8@example.com', '1-443-609-2352', NULL, '2022-09-03 05:37:13', '2022-09-03 05:37:13', 11, '$2y$10$jWbkHPA/2i59SRz0Rud4JeStac1GPV302v8TO00pL9rg7Fqud43S.', 1, 'Te5njFL1R4', '2022-09-03 05:37:13', '2022-09-03 05:37:13'),
(12, 'Dr. Haleigh Smith', 'Coralie Bosco', 'customer-9@example.com', '1-872-427-0336', NULL, '2022-09-03 05:37:13', '2022-09-03 05:37:13', 12, '$2y$10$Td3QxVx4R.W7A4iIugh/COYr8fuoi79QA42Yqlycq5vfjm3cqAIzy', 0, 'nyiVnQcKta', '2022-09-03 05:37:13', '2022-09-03 05:37:13'),
(13, 'Ross Blanda', 'Antonia Kris', 'customer-10@example.com', '(330) 440-4616', NULL, '2022-09-03 05:37:13', '2022-09-03 05:37:13', 13, '$2y$10$QMDTGAjfBVLBfB/TK9ptveOvINpOwATw9x2EaMJjMyzU.oQbu29De', 0, 'HEspwtaZLe', '2022-09-03 05:37:13', '2022-09-03 05:37:13'),
(14, 'Kallie Sipes', 'Montana Ondricka DVM', 'customer-11@example.com', '281.927.3019', NULL, '2022-09-03 05:37:13', '2022-09-03 05:37:13', 14, '$2y$10$Ax63a3rVcS7XPjay3d1PYuScdzkgszp.hHedTMtf7gWxg7RdwULpi', 0, 'NSW28Jn8zD', '2022-09-03 05:37:13', '2022-09-03 05:37:13'),
(15, 'Dr. Vicente Rau', 'Mrs. Madelynn Kub II', 'customer-12@example.com', '351.466.7711', NULL, '2022-09-03 05:37:13', '2022-09-03 05:37:13', 15, '$2y$10$mSaFBuRMnikK3iTH0YBGT.pppkkbjc5Bex5AJMaxvgwPHskHIH5Ty', 0, 'JUhWoWRcH5', '2022-09-03 05:37:14', '2022-09-03 05:37:14'),
(16, 'Zion Feest', 'Carey Sauer', 'customer-13@example.com', '+19138029696', NULL, '2022-09-03 05:37:14', '2022-09-03 05:37:14', 16, '$2y$10$BpiMaIiRj0EQyDYxukwxX.7fFx3R0moXijBgxDx4D5vhFvYQPe6A.', 1, 'XrHsyLAGcg', '2022-09-03 05:37:14', '2022-09-03 05:37:14'),
(17, 'Elisha Parisian', 'Dr. Elisa Schulist DDS', 'customer-14@example.com', '+1-754-377-4622', NULL, '2022-09-03 05:37:14', '2022-09-03 05:37:14', 17, '$2y$10$Ax86rZjjgzJOwL.ltEa6ZujzzocJnMIl.4jbsBFcL/xtPCSuGIIoy', 1, '5PkNcxZ7NP', '2022-09-03 05:37:14', '2022-09-03 05:37:14'),
(18, 'first name', 'last name', 'test@gmail.com', '+14699574425', NULL, NULL, NULL, 486, '$2y$10$3/sJLjJed0An3RXsRvPkfuEY8cqZVx0SBNrdC3A3Xp7rZzjopMCdK', 1, NULL, '2022-09-04 01:25:57', '2022-11-06 05:53:08'),
(19, 'Test', 'First', 'test13@gmail.com', '01234567890', '01234564567', NULL, NULL, NULL, '$2y$10$1TuBSqH4IHjNTQ/NPOtuGe6yDkIPCxwRqpr9IozKqG1GLNj5ZlTEi', 1, NULL, '2022-09-04 05:53:44', '2022-09-04 05:53:44'),
(20, 'Test', NULL, NULL, '0123456789', '', NULL, '2022-09-04 06:04:13', NULL, '$2y$10$eVsD4448cWzmuyoosDq06.fCuv8BDqhBH1c6ZBQl6pBahQFGYeQCe', 1, NULL, '2022-09-04 06:03:28', '2022-09-04 06:04:13');

--
-- Indexes for dumped tables
--

--
-- Indexes for table `areas`
--
ALTER TABLE `areas`
  ADD PRIMARY KEY (`id`),
  ADD KEY `areas_city_id_foreign` (`city_id`);

--
-- Indexes for table `cities`
--
ALTER TABLE `cities`
  ADD PRIMARY KEY (`id`);

--
-- Indexes for table `costs`
--
ALTER TABLE `costs`
  ADD PRIMARY KEY (`id`),
  ADD KEY `costs_rent_id_foreign` (`rent_id`);

--
-- Indexes for table `currencies`
--
ALTER TABLE `currencies`
  ADD PRIMARY KEY (`id`);

--
-- Indexes for table `customers`
--
ALTER TABLE `customers`
  ADD PRIMARY KEY (`id`),
  ADD KEY `customers_user_id_foreign` (`user_id`);

--
-- Indexes for table `facilities`
--
ALTER TABLE `facilities`
  ADD PRIMARY KEY (`id`),
  ADD KEY `facilities_rent_id_foreign` (`rent_id`);

--
-- Indexes for table `failed_jobs`
--
ALTER TABLE `failed_jobs`
  ADD PRIMARY KEY (`id`),
  ADD UNIQUE KEY `failed_jobs_uuid_unique` (`uuid`);

--
-- Indexes for table `favorites`
--
ALTER TABLE `favorites`
  ADD PRIMARY KEY (`id`),
  ADD KEY `favorites_customer_id_foreign` (`customer_id`),
  ADD KEY `favorites_rent_id_foreign` (`rent_id`);

--
-- Indexes for table `for_rents`
--
ALTER TABLE `for_rents`
  ADD PRIMARY KEY (`id`),
  ADD KEY `for_rents_rent_id_foreign` (`rent_id`);

--
-- Indexes for table `media`
--
ALTER TABLE `media`
  ADD PRIMARY KEY (`id`);

--
-- Indexes for table `messages`
--
ALTER TABLE `messages`
  ADD PRIMARY KEY (`id`);

--
-- Indexes for table `migrations`
--
ALTER TABLE `migrations`
  ADD PRIMARY KEY (`id`);

--
-- Indexes for table `model_has_permissions`
--
ALTER TABLE `model_has_permissions`
  ADD PRIMARY KEY (`permission_id`,`model_id`,`model_type`),
  ADD KEY `model_has_permissions_model_id_model_type_index` (`model_id`,`model_type`);

--
-- Indexes for table `model_has_roles`
--
ALTER TABLE `model_has_roles`
  ADD PRIMARY KEY (`role_id`,`model_id`,`model_type`),
  ADD KEY `model_has_roles_model_id_model_type_index` (`model_id`,`model_type`);

--
-- Indexes for table `oauth_access_tokens`
--
ALTER TABLE `oauth_access_tokens`
  ADD PRIMARY KEY (`id`),
  ADD KEY `oauth_access_tokens_user_id_index` (`user_id`);

--
-- Indexes for table `oauth_auth_codes`
--
ALTER TABLE `oauth_auth_codes`
  ADD PRIMARY KEY (`id`),
  ADD KEY `oauth_auth_codes_user_id_index` (`user_id`);

--
-- Indexes for table `oauth_clients`
--
ALTER TABLE `oauth_clients`
  ADD PRIMARY KEY (`id`),
  ADD KEY `oauth_clients_user_id_index` (`user_id`);

--
-- Indexes for table `oauth_personal_access_clients`
--
ALTER TABLE `oauth_personal_access_clients`
  ADD PRIMARY KEY (`id`);

--
-- Indexes for table `oauth_refresh_tokens`
--
ALTER TABLE `oauth_refresh_tokens`
  ADD PRIMARY KEY (`id`),
  ADD KEY `oauth_refresh_tokens_access_token_id_index` (`access_token_id`);

--
-- Indexes for table `o_t_p_s`
--
ALTER TABLE `o_t_p_s`
  ADD PRIMARY KEY (`id`),
  ADD UNIQUE KEY `o_t_p_s_otp_unique` (`otp`),
  ADD UNIQUE KEY `o_t_p_s_token_unique` (`token`);

--
-- Indexes for table `password_resets`
--
ALTER TABLE `password_resets`
  ADD KEY `password_resets_email_index` (`email`);

--
-- Indexes for table `permissions`
--
ALTER TABLE `permissions`
  ADD PRIMARY KEY (`id`),
  ADD UNIQUE KEY `permissions_name_guard_name_unique` (`name`,`guard_name`);

--
-- Indexes for table `personal_access_tokens`
--
ALTER TABLE `personal_access_tokens`
  ADD PRIMARY KEY (`id`),
  ADD UNIQUE KEY `personal_access_tokens_token_unique` (`token`),
  ADD KEY `personal_access_tokens_tokenable_type_tokenable_id_index` (`tokenable_type`,`tokenable_id`);

--
-- Indexes for table `religions`
--
ALTER TABLE `religions`
  ADD PRIMARY KEY (`id`),
  ADD KEY `religions_rent_id_foreign` (`rent_id`);

--
-- Indexes for table `rents`
--
ALTER TABLE `rents`
  ADD PRIMARY KEY (`id`),
  ADD KEY `rents_customer_id_foreign` (`customer_id`);

--
-- Indexes for table `rent_infos`
--
ALTER TABLE `rent_infos`
  ADD PRIMARY KEY (`id`),
  ADD KEY `rent_infos_rent_id_foreign` (`rent_id`),
  ADD KEY `rent_infos_city_id_foreign` (`city_id`),
  ADD KEY `rent_infos_area_id_foreign` (`area_id`);

--
-- Indexes for table `rent_thumbnails`
--
ALTER TABLE `rent_thumbnails`
  ADD PRIMARY KEY (`id`),
  ADD KEY `rent_thumbnails_rent_id_foreign` (`rent_id`),
  ADD KEY `rent_thumbnails_media_id_foreign` (`media_id`);

--
-- Indexes for table `roles`
--
ALTER TABLE `roles`
  ADD PRIMARY KEY (`id`),
  ADD UNIQUE KEY `roles_name_guard_name_unique` (`name`,`guard_name`);

--
-- Indexes for table `role_has_permissions`
--
ALTER TABLE `role_has_permissions`
  ADD PRIMARY KEY (`permission_id`,`role_id`),
  ADD KEY `role_has_permissions_role_id_foreign` (`role_id`);

--
-- Indexes for table `socials`
--
ALTER TABLE `socials`
  ADD PRIMARY KEY (`id`);

--
-- Indexes for table `users`
--
ALTER TABLE `users`
  ADD PRIMARY KEY (`id`),
  ADD UNIQUE KEY `users_phone_unique` (`phone`),
  ADD UNIQUE KEY `users_email_unique` (`email`),
  ADD KEY `users_media_id_foreign` (`media_id`);

--
-- AUTO_INCREMENT for dumped tables
--

--
-- AUTO_INCREMENT for table `areas`
--
ALTER TABLE `areas`
  MODIFY `id` bigint UNSIGNED NOT NULL AUTO_INCREMENT, AUTO_INCREMENT=158;

--
-- AUTO_INCREMENT for table `cities`
--
ALTER TABLE `cities`
  MODIFY `id` bigint UNSIGNED NOT NULL AUTO_INCREMENT, AUTO_INCREMENT=17;

--
-- AUTO_INCREMENT for table `costs`
--
ALTER TABLE `costs`
  MODIFY `id` bigint UNSIGNED NOT NULL AUTO_INCREMENT, AUTO_INCREMENT=129;

--
-- AUTO_INCREMENT for table `currencies`
--
ALTER TABLE `currencies`
  MODIFY `id` bigint UNSIGNED NOT NULL AUTO_INCREMENT;

--
-- AUTO_INCREMENT for table `customers`
--
ALTER TABLE `customers`
  MODIFY `id` bigint UNSIGNED NOT NULL AUTO_INCREMENT, AUTO_INCREMENT=19;

--
-- AUTO_INCREMENT for table `facilities`
--
ALTER TABLE `facilities`
  MODIFY `id` bigint UNSIGNED NOT NULL AUTO_INCREMENT, AUTO_INCREMENT=129;

--
-- AUTO_INCREMENT for table `failed_jobs`
--
ALTER TABLE `failed_jobs`
  MODIFY `id` bigint UNSIGNED NOT NULL AUTO_INCREMENT;

--
-- AUTO_INCREMENT for table `favorites`
--
ALTER TABLE `favorites`
  MODIFY `id` bigint UNSIGNED NOT NULL AUTO_INCREMENT, AUTO_INCREMENT=33;

--
-- AUTO_INCREMENT for table `for_rents`
--
ALTER TABLE `for_rents`
  MODIFY `id` bigint UNSIGNED NOT NULL AUTO_INCREMENT, AUTO_INCREMENT=129;

--
-- AUTO_INCREMENT for table `media`
--
ALTER TABLE `media`
  MODIFY `id` bigint UNSIGNED NOT NULL AUTO_INCREMENT, AUTO_INCREMENT=503;

--
-- AUTO_INCREMENT for table `messages`
--
ALTER TABLE `messages`
  MODIFY `id` bigint UNSIGNED NOT NULL AUTO_INCREMENT, AUTO_INCREMENT=2;

--
-- AUTO_INCREMENT for table `migrations`
--
ALTER TABLE `migrations`
  MODIFY `id` int UNSIGNED NOT NULL AUTO_INCREMENT, AUTO_INCREMENT=29;

--
-- AUTO_INCREMENT for table `oauth_clients`
--
ALTER TABLE `oauth_clients`
  MODIFY `id` bigint UNSIGNED NOT NULL AUTO_INCREMENT, AUTO_INCREMENT=5;

--
-- AUTO_INCREMENT for table `oauth_personal_access_clients`
--
ALTER TABLE `oauth_personal_access_clients`
  MODIFY `id` bigint UNSIGNED NOT NULL AUTO_INCREMENT, AUTO_INCREMENT=3;

--
-- AUTO_INCREMENT for table `o_t_p_s`
--
ALTER TABLE `o_t_p_s`
  MODIFY `id` bigint UNSIGNED NOT NULL AUTO_INCREMENT, AUTO_INCREMENT=2;

--
-- AUTO_INCREMENT for table `permissions`
--
ALTER TABLE `permissions`
  MODIFY `id` bigint UNSIGNED NOT NULL AUTO_INCREMENT, AUTO_INCREMENT=2;

--
-- AUTO_INCREMENT for table `personal_access_tokens`
--
ALTER TABLE `personal_access_tokens`
  MODIFY `id` bigint UNSIGNED NOT NULL AUTO_INCREMENT;

--
-- AUTO_INCREMENT for table `religions`
--
ALTER TABLE `religions`
  MODIFY `id` bigint UNSIGNED NOT NULL AUTO_INCREMENT, AUTO_INCREMENT=129;

--
-- AUTO_INCREMENT for table `rents`
--
ALTER TABLE `rents`
  MODIFY `id` bigint UNSIGNED NOT NULL AUTO_INCREMENT, AUTO_INCREMENT=130;

--
-- AUTO_INCREMENT for table `rent_infos`
--
ALTER TABLE `rent_infos`
  MODIFY `id` bigint UNSIGNED NOT NULL AUTO_INCREMENT, AUTO_INCREMENT=129;

--
-- AUTO_INCREMENT for table `rent_thumbnails`
--
ALTER TABLE `rent_thumbnails`
  MODIFY `id` bigint UNSIGNED NOT NULL AUTO_INCREMENT, AUTO_INCREMENT=485;

--
-- AUTO_INCREMENT for table `roles`
--
ALTER TABLE `roles`
  MODIFY `id` bigint UNSIGNED NOT NULL AUTO_INCREMENT, AUTO_INCREMENT=4;

--
-- AUTO_INCREMENT for table `socials`
--
ALTER TABLE `socials`
  MODIFY `id` bigint UNSIGNED NOT NULL AUTO_INCREMENT, AUTO_INCREMENT=3;

--
-- AUTO_INCREMENT for table `users`
--
ALTER TABLE `users`
  MODIFY `id` bigint UNSIGNED NOT NULL AUTO_INCREMENT, AUTO_INCREMENT=21;

--
-- Constraints for dumped tables
--

--
-- Constraints for table `areas`
--
ALTER TABLE `areas`
  ADD CONSTRAINT `areas_city_id_foreign` FOREIGN KEY (`city_id`) REFERENCES `areas` (`id`);

--
-- Constraints for table `costs`
--
ALTER TABLE `costs`
  ADD CONSTRAINT `costs_rent_id_foreign` FOREIGN KEY (`rent_id`) REFERENCES `rents` (`id`);

--
-- Constraints for table `customers`
--
ALTER TABLE `customers`
  ADD CONSTRAINT `customers_user_id_foreign` FOREIGN KEY (`user_id`) REFERENCES `users` (`id`);

--
-- Constraints for table `facilities`
--
ALTER TABLE `facilities`
  ADD CONSTRAINT `facilities_rent_id_foreign` FOREIGN KEY (`rent_id`) REFERENCES `rents` (`id`);

--
-- Constraints for table `favorites`
--
ALTER TABLE `favorites`
  ADD CONSTRAINT `favorites_customer_id_foreign` FOREIGN KEY (`customer_id`) REFERENCES `customers` (`id`),
  ADD CONSTRAINT `favorites_rent_id_foreign` FOREIGN KEY (`rent_id`) REFERENCES `rents` (`id`);

--
-- Constraints for table `for_rents`
--
ALTER TABLE `for_rents`
  ADD CONSTRAINT `for_rents_rent_id_foreign` FOREIGN KEY (`rent_id`) REFERENCES `rents` (`id`);

--
-- Constraints for table `model_has_permissions`
--
ALTER TABLE `model_has_permissions`
  ADD CONSTRAINT `model_has_permissions_permission_id_foreign` FOREIGN KEY (`permission_id`) REFERENCES `permissions` (`id`) ON DELETE CASCADE;

--
-- Constraints for table `model_has_roles`
--
ALTER TABLE `model_has_roles`
  ADD CONSTRAINT `model_has_roles_role_id_foreign` FOREIGN KEY (`role_id`) REFERENCES `roles` (`id`) ON DELETE CASCADE;

--
-- Constraints for table `religions`
--
ALTER TABLE `religions`
  ADD CONSTRAINT `religions_rent_id_foreign` FOREIGN KEY (`rent_id`) REFERENCES `rents` (`id`);

--
-- Constraints for table `rents`
--
ALTER TABLE `rents`
  ADD CONSTRAINT `rents_customer_id_foreign` FOREIGN KEY (`customer_id`) REFERENCES `customers` (`id`);

--
-- Constraints for table `rent_infos`
--
ALTER TABLE `rent_infos`
  ADD CONSTRAINT `rent_infos_area_id_foreign` FOREIGN KEY (`area_id`) REFERENCES `areas` (`id`),
  ADD CONSTRAINT `rent_infos_city_id_foreign` FOREIGN KEY (`city_id`) REFERENCES `cities` (`id`),
  ADD CONSTRAINT `rent_infos_rent_id_foreign` FOREIGN KEY (`rent_id`) REFERENCES `rents` (`id`);

--
-- Constraints for table `rent_thumbnails`
--
ALTER TABLE `rent_thumbnails`
  ADD CONSTRAINT `rent_thumbnails_media_id_foreign` FOREIGN KEY (`media_id`) REFERENCES `media` (`id`),
  ADD CONSTRAINT `rent_thumbnails_rent_id_foreign` FOREIGN KEY (`rent_id`) REFERENCES `rents` (`id`);

--
-- Constraints for table `role_has_permissions`
--
ALTER TABLE `role_has_permissions`
  ADD CONSTRAINT `role_has_permissions_permission_id_foreign` FOREIGN KEY (`permission_id`) REFERENCES `permissions` (`id`) ON DELETE CASCADE,
  ADD CONSTRAINT `role_has_permissions_role_id_foreign` FOREIGN KEY (`role_id`) REFERENCES `roles` (`id`) ON DELETE CASCADE;

--
-- Constraints for table `users`
--
ALTER TABLE `users`
  ADD CONSTRAINT `users_media_id_foreign` FOREIGN KEY (`media_id`) REFERENCES `media` (`id`);
COMMIT;

/*!40101 SET CHARACTER_SET_CLIENT=@OLD_CHARACTER_SET_CLIENT */;
/*!40101 SET CHARACTER_SET_RESULTS=@OLD_CHARACTER_SET_RESULTS */;
/*!40101 SET COLLATION_CONNECTION=@OLD_COLLATION_CONNECTION */;
